date,order_id,product_id,units_received
2025-09-03,O000001,K001,1
2025-09-03,O000003,K005,1
2025-09-05,O000002,K002,1
2025-09-05,O000004,P010,12
2025-09-05,O000005,P022,12
2025-09-05,O000006,P026,12
2025-09-05,O000007,P027,12
2025-09-06,O000008,K001,1
2025-09-06,O000009,K002,1
2025-09-06,O000010,K003,2
2025-09-06,O000011,K004,2
2025-09-06,O000012,K005,1
2025-09-08,O000013,P054,6
2025-09-08,O000014,P055,6
2025-09-09,O000015,P009,12
2025-09-09,O000016,P011,12
2025-09-09,O000017,P012,12
2025-09-09,O000018,P015,12
2025-09-09,O000019,P016,12
2025-09-09,O000020,P017,12
2025-09-09,O000021,P018,12
2025-09-09,O000022,P019,12
2025-09-09,O000024,P021,12
2025-09-09,O000025,P023,12
2025-09-09,O000026,P024,12
2025-09-09,O000027,P029,12
2025-09-09,O000028,P030,12
2025-09-09,O000029,P032,12
2025-09-09,O000030,P034,12
2025-09-09,O000031,P039,12
2025-09-09,O000033,P042,12
2025-09-10,O000035,K001,2
2025-09-10,O000036,K002,2
2025-09-10,O000037,K003,3
2025-09-10,O000038,K004,3
2025-09-10,O000039,K005,2
2025-09-11,O000023,P020,12
2025-09-11,O000032,P040,12
2025-09-11,O000040,P045,24
2025-09-11,O000041,P046,24
2025-09-11,O000042,P049,24
2025-09-11,O000043,P052,6
2025-09-11,O000044,P053,6
2025-09-12,O000034,P004,24
2025-09-12,O000045,P013,12
2025-09-12,O000046,P014,12
2025-09-12,O000047,P025,12
2025-09-12,O000048,P031,12
2025-09-12,O000049,P033,12
2025-09-12,O000050,P035,12
2025-09-12,O000051,P036,12
2025-09-12,O000052,P037,12
2025-09-12,O000053,P038,12
2025-09-13,O000054,P041,12
2025-09-13,O000055,P001,24
2025-09-13,O000056,P002,24
2025-09-13,O000057,P003,24
2025-09-13,O000058,P005,24
2025-09-13,O000060,P007,24
2025-09-13,O000061,P008,24
2025-09-13,O000062,K001,1
2025-09-13,O000063,K002,1
2025-09-13,O000064,K003,3
2025-09-13,O000065,K004,1
2025-09-13,O000066,K005,1
2025-09-15,O000067,P043,72
2025-09-15,O000068,P044,48
2025-09-15,O000069,P045,24
2025-09-15,O000070,P046,24
2025-09-15,O000071,P047,48
2025-09-15,O000072,P048,48
2025-09-16,O000059,P006,24
2025-09-16,O000074,P025,12
2025-09-16,O000075,P038,12
2025-09-16,O000076,P039,12
2025-09-16,O000077,P041,12
2025-09-17,O000073,P056,6
2025-09-17,O000078,P001,48
2025-09-17,O000079,P002,48
2025-09-17,O000081,P004,24
2025-09-17,O000082,P005,24
2025-09-17,O000083,P006,24
2025-09-17,O000084,P007,24
2025-09-17,O000085,K001,2
2025-09-17,O000086,K002,2
2025-09-17,O000088,K004,2
2025-09-17,O000089,K005,2
2025-09-18,O000080,P003,48
2025-09-18,O000090,P043,24
2025-09-18,O000091,P045,24
2025-09-18,O000092,P046,24
2025-09-18,O000093,P047,24
2025-09-18,O000094,P049,24
2025-09-18,O000095,P052,6
2025-09-19,O000096,P013,12
2025-09-19,O000097,P028,12
2025-09-19,O000098,P033,12
2025-09-19,O000099,P039,12
2025-09-19,O000100,P041,12
2025-09-20,O000087,K003,2
2025-09-20,O000101,P001,24
2025-09-20,O000102,P002,24
2025-09-20,O000103,P003,24
2025-09-20,O000104,P005,48
2025-09-20,O000105,P007,24
2025-09-20,O000106,P008,24
2025-09-20,O000107,K001,1
2025-09-20,O000108,K002,1
2025-09-20,O000109,K003,5
2025-09-20,O000110,K004,3
2025-09-20,O000111,K005,2
2025-09-22,O000113,P044,72
2025-09-22,O000114,P045,48
2025-09-22,O000115,P046,48
2025-09-22,O000116,P047,48
2025-09-22,O000117,P048,48
2025-09-22,O000118,P052,6
2025-09-22,O000119,P054,6
2025-09-23,O000120,P014,12
2025-09-23,O000121,P025,12
2025-09-23,O000122,P031,12
2025-09-23,O000123,P033,12
2025-09-23,O000124,P038,12
2025-09-23,O000125,P040,12
2025-09-23,O000126,P041,12
2025-09-24,O000127,P001,48
2025-09-24,O000128,P002,48
2025-09-24,O000129,P003,24
2025-09-24,O000130,P004,24
2025-09-24,O000131,P005,24
2025-09-24,O000133,P007,24
2025-09-24,O000134,K001,2
2025-09-24,O000135,K002,1
2025-09-24,O000136,K003,1
2025-09-24,O000137,K004,2
2025-09-25,O000112,P043,96
2025-09-25,O000132,P006,24
2025-09-25,O000138,K005,1
2025-09-25,O000139,P043,96
2025-09-25,O000140,P045,24
2025-09-25,O000141,P046,24
2025-09-25,O000142,P048,24
2025-09-25,O000143,P049,24
2025-09-26,O000144,P013,12
2025-09-26,O000145,P019,12
2025-09-26,O000146,P020,12
2025-09-26,O000147,P038,12
2025-09-26,O000148,P039,12
2025-09-26,O000149,P041,12
2025-09-27,O000150,P001,48
2025-09-27,O000151,P002,24
2025-09-27,O000152,P003,48
2025-09-27,O000153,P004,24
2025-09-27,O000154,P005,48
2025-09-27,O000155,P006,24
2025-09-27,O000157,P008,24
2025-09-27,O000158,K001,3
2025-09-27,O000159,K002,2
2025-09-27,O000160,K003,3
2025-09-27,O000161,K004,2
2025-09-27,O000162,K005,2
2025-09-28,O000156,P007,24
2025-09-29,O000163,P044,48
2025-09-29,O000164,P045,24
2025-09-29,O000165,P046,48
2025-09-29,O000167,P048,24
2025-09-29,O000168,P052,6
2025-09-30,O000169,P011,12
2025-09-30,O000170,P014,12
2025-09-30,O000172,P031,12
2025-09-30,O000173,P033,12
2025-09-30,O000174,P034,12
2025-09-30,O000175,P035,12
2025-09-30,O000176,P039,12
2025-09-30,O000177,P041,12
2025-09-30,O000178,P042,12
2025-10-01,O000166,P047,48
2025-10-01,O000179,P001,24
2025-10-01,O000180,P002,24
2025-10-01,O000183,P006,24
2025-10-01,O000185,K001,1
2025-10-01,O000186,K002,1
2025-10-01,O000187,K003,2
2025-10-01,O000188,K004,3
2025-10-01,O000189,K005,1
2025-10-02,O000190,P045,24
2025-10-02,O000191,P046,24
2025-10-02,O000192,P047,24
2025-10-02,O000193,P048,24
2025-10-03,O000171,P025,12
2025-10-03,O000182,P005,24
2025-10-03,O000184,P007,24
2025-10-03,O000194,P013,12
2025-10-03,O000196,P029,12
2025-10-03,O000197,P036,12
2025-10-03,O000198,P038,12
2025-10-03,O000199,P040,12
2025-10-03,O000200,P041,12
2025-10-04,O000181,P003,24
2025-10-04,O000201,P001,48
2025-10-04,O000202,P002,48
2025-10-04,O000203,P003,48
2025-10-04,O000204,P004,24
2025-10-04,O000205,P005,24
2025-10-04,O000206,P007,24
2025-10-04,O000207,P008,24
2025-10-04,O000208,K001,2
2025-10-04,O000209,K002,1
2025-10-04,O000210,K003,2
2025-10-04,O000211,K004,2
2025-10-04,O000212,K005,1
2025-10-05,O000195,P025,12
2025-10-06,O000213,P043,72
2025-10-06,O000214,P044,48
2025-10-06,O000215,P045,48
2025-10-06,O000216,P046,48
2025-10-06,O000217,P047,24
2025-10-06,O000218,P048,24
2025-10-06,O000219,P049,24
2025-10-06,O000220,P052,6
2025-10-07,O000221,P014,12
2025-10-07,O000222,P033,12
2025-10-07,O000223,P037,12
2025-10-07,O000224,P039,12
2025-10-07,O000225,P041,12
2025-10-08,O000226,P001,24
2025-10-08,O000227,P002,24
2025-10-08,O000228,P005,24
2025-10-08,O000229,P006,24
2025-10-08,O000230,K001,1
2025-10-08,O000232,K003,4
2025-10-08,O000233,K004,2
2025-10-09,O000235,P043,24
2025-10-09,O000237,P045,24
2025-10-09,O000238,P047,24
2025-10-09,O000239,P054,6
2025-10-10,O000234,K005,2
2025-10-10,O000242,P025,12
2025-10-10,O000243,P031,12
2025-10-10,O000244,P033,12
2025-10-10,O000245,P038,12
2025-10-10,O000246,P039,12
2025-10-10,O000247,P041,12
2025-10-11,O000231,K002,1
2025-10-11,O000236,P044,24
2025-10-11,O000248,P001,48
2025-10-11,O000249,P002,24
2025-10-11,O000250,P003,24
2025-10-11,O000252,P005,48
2025-10-11,O000253,P006,24
2025-10-11,O000254,P007,24
2025-10-11,O000255,K001,2
2025-10-11,O000256,K002,2
2025-10-11,O000258,K004,1
2025-10-11,O000259,K005,1
2025-10-12,O000240,P013,12
2025-10-12,O000241,P021,12
2025-10-13,O000257,K003,2
2025-10-13,O000260,P043,72
2025-10-13,O000261,P044,24
2025-10-13,O000262,P045,24
2025-10-13,O000263,P046,48
2025-10-13,O000264,P047,24
2025-10-13,O000265,P048,48
2025-10-13,O000266,P049,24
2025-10-14,O000251,P004,24
2025-10-14,O000267,P009,12
2025-10-14,O000268,P016,12
2025-10-14,O000269,P019,12
2025-10-14,O000270,P038,12
2025-10-14,O000271,P041,12
2025-10-15,O000272,P001,24
2025-10-15,O000273,P002,24
2025-10-15,O000274,P003,24
2025-10-15,O000275,P005,24
2025-10-15,O000276,P007,24
2025-10-15,O000277,P008,24
2025-10-15,O000278,K001,2
2025-10-15,O000279,K003,2
2025-10-15,O000280,K004,2
2025-10-15,O000281,K005,1
2025-10-16,O000282,P043,24
2025-10-16,O000283,P044,24
2025-10-16,O000284,P045,24
2025-10-16,O000285,P046,24
2025-10-16,O000286,P047,24
2025-10-16,O000287,P048,24
2025-10-16,O000288,P052,6
2025-10-16,O000289,P055,6
2025-10-17,O000290,P011,12
2025-10-17,O000291,P014,12
2025-10-17,O000292,P025,12
2025-10-17,O000293,P033,12
2025-10-17,O000295,P039,12
2025-10-17,O000296,P040,12
2025-10-18,O000297,P001,48
2025-10-18,O000298,P002,48
2025-10-18,O000299,P003,48
2025-10-18,O000300,P004,24
2025-10-18,O000301,P005,24
2025-10-18,O000302,P006,24
2025-10-18,O000303,P007,24
2025-10-18,O000304,K001,2
2025-10-18,O000305,K002,2
2025-10-18,O000306,K003,3
2025-10-18,O000307,K004,2
2025-10-18,O000308,K005,2
2025-10-20,O000294,P034,12
2025-10-20,O000309,P043,72
2025-10-20,O000310,P044,48
2025-10-20,O000311,P045,24
2025-10-20,O000314,P048,24
2025-10-20,O000315,P049,24
2025-10-20,O000316,P053,6
2025-10-21,O000317,P013,12
2025-10-21,O000318,P020,12
2025-10-21,O000319,P025,12
2025-10-21,O000320,P026,12
2025-10-21,O000321,P031,12
2025-10-21,O000322,P035,12
2025-10-21,O000323,P038,12
2025-10-21,O000324,P039,12
2025-10-21,O000325,P041,12
2025-10-21,O000326,P042,12
2025-10-22,O000313,P047,24
2025-10-22,O000327,P001,48
2025-10-22,O000328,P002,24
2025-10-22,O000330,P005,24
2025-10-22,O000331,P006,24
2025-10-22,O000332,P007,24
2025-10-22,O000333,P008,24
2025-10-22,O000334,K001,1
2025-10-22,O000335,K002,1
2025-10-22,O000337,K004,2
2025-10-22,O000338,K005,1
2025-10-23,O000312,P046,48
2025-10-23,O000329,P003,24
2025-10-23,O000339,P043,24
2025-10-23,O000340,P044,24
2025-10-23,O000341,P045,24
2025-10-23,O000342,P046,72
2025-10-23,O000343,P047,24
2025-10-23,O000344,P052,6
2025-10-24,O000336,K003,3
2025-10-24,O000345,P010,12
2025-10-24,O000346,P014,12
2025-10-24,O000347,P022,12
2025-10-24,O000348,P027,12
2025-10-24,O000349,P033,12
2025-10-24,O000350,P039,12
2025-10-25,O000352,P001,24
2025-10-25,O000353,P002,24
2025-10-25,O000354,P003,24
2025-10-25,O000355,P004,24
2025-10-25,O000356,P005,24
2025-10-25,O000357,P006,24
2025-10-25,O000358,K001,2
2025-10-25,O000359,K002,1
2025-10-25,O000360,K003,2
2025-10-25,O000361,K004,1
2025-10-25,O000362,K005,1
2025-10-27,O000351,P041,12
2025-10-27,O000363,P043,72
2025-10-27,O000364,P044,24
2025-10-27,O000365,P045,24
2025-10-27,O000366,P047,24
2025-10-27,O000367,P048,24
2025-10-27,O000368,P054,6
2025-10-28,O000369,P013,12
2025-10-28,O000370,P025,12
2025-10-28,O000371,P036,12
2025-10-28,O000372,P038,12
2025-10-28,O000374,P041,12
2025-10-29,O000375,P001,24
2025-10-29,O000376,P002,24
2025-10-29,O000377,P003,24
2025-10-29,O000378,P005,24
2025-10-29,O000379,P007,24
2025-10-29,O000380,K001,1
2025-10-29,O000381,K002,1
2025-10-29,O000382,K003,2
2025-10-29,O000383,K004,2
2025-10-29,O000384,K005,2
2025-10-30,O000385,P043,24
2025-10-30,O000386,P044,24
2025-10-30,O000387,P045,24
2025-10-30,O000388,P047,24
2025-10-30,O000389,P048,24
2025-10-30,O000390,P049,24
2025-10-30,O000391,P052,6
2025-10-31,O000373,P040,12
2025-10-31,O000392,P029,12
2025-10-31,O000393,P031,12
2025-10-31,O000394,P033,12
2025-10-31,O000395,P039,12
2025-10-31,O000396,P040,12
2025-10-31,O000397,P041,12
2025-11-01,O000398,P001,48
2025-11-01,O000399,P002,24
2025-11-01,O000400,P003,24
2025-11-01,O000401,P004,24
2025-11-01,O000402,P005,24
2025-11-01,O000403,P006,24
2025-11-01,O000404,P007,24
2025-11-01,O000405,P008,24
2025-11-01,O000406,K001,2
2025-11-01,O000407,K002,2
2025-11-01,O000408,K003,3
2025-11-01,O000409,K004,2
2025-11-01,O000410,K005,1
2025-11-03,O000411,P043,48
2025-11-03,O000412,P044,48
2025-11-03,O000413,P045,24
2025-11-03,O000414,P046,24
2025-11-03,O000415,P047,24
2025-11-03,O000416,P048,24
2025-11-04,O000417,P013,12
2025-11-04,O000418,P014,12
2025-11-04,O000419,P019,12
2025-11-04,O000420,P025,12
2025-11-04,O000421,P037,12
2025-11-04,O000422,P038,12
2025-11-04,O000423,P041,12
2025-11-05,O000424,P001,24
2025-11-05,O000427,P005,24
2025-11-05,O000428,P006,24
2025-11-05,O000429,P007,24
2025-11-05,O000431,K002,1
2025-11-05,O000432,K003,2
2025-11-05,O000433,K004,1
2025-11-06,O000425,P002,24
2025-11-06,O000430,K001,1
2025-11-06,O000435,P043,24
2025-11-06,O000436,P044,24
2025-11-06,O000438,P046,24
2025-11-06,O000439,P047,24
2025-11-07,O000437,P045,24
2025-11-07,O000441,P011,12
2025-11-07,O000443,P039,12
2025-11-07,O000444,P041,12
2025-11-08,O000426,P004,24
2025-11-08,O000434,K005,1
2025-11-08,O000440,P048,24
2025-11-08,O000442,P033,12
2025-11-08,O000446,P002,24
2025-11-08,O000447,P003,24
2025-11-08,O000448,P004,24
2025-11-08,O000449,P005,24
2025-11-08,O000450,K001,2
2025-11-08,O000451,K002,1
2025-11-08,O000452,K003,2
2025-11-08,O000453,K004,2
2025-11-08,O000454,K005,2
2025-11-09,O000445,P001,24
2025-11-10,O000455,P043,48
2025-11-10,O000456,P044,24
2025-11-10,O000457,P045,48
2025-11-10,O000458,P046,48
2025-11-10,O000459,P047,48
2025-11-10,O000460,P048,24
2025-11-10,O000461,P049,24
2025-11-10,O000463,P054,6
2025-11-10,O000464,P056,6
2025-11-11,O000462,P052,6
2025-11-11,O000465,P020,12
2025-11-11,O000466,P025,12
2025-11-11,O000468,P033,12
2025-11-11,O000469,P034,12
2025-11-11,O000470,P038,12
2025-11-11,O000472,P041,12
2025-11-12,O000467,P031,12
2025-11-12,O000471,P039,12
2025-11-12,O000473,P001,48
2025-11-12,O000474,P002,24
2025-11-12,O000475,P003,48
2025-11-12,O000476,P005,24
2025-11-12,O000477,P006,24
2025-11-12,O000478,P007,24
2025-11-12,O000479,P008,24
2025-11-12,O000480,K001,1
2025-11-12,O000481,K002,1
2025-11-12,O000482,K003,2
2025-11-12,O000483,K004,2
2025-11-13,O000484,K005,1
2025-11-13,O000485,P043,48
2025-11-13,O000486,P044,24
2025-11-13,O000487,P045,24
2025-11-13,O000488,P046,24
2025-11-14,O000489,P047,24
2025-11-14,O000492,P035,12
2025-11-14,O000493,P042,12
2025-11-15,O000491,P014,12
2025-11-15,O000494,P001,48
2025-11-15,O000495,P002,48
2025-11-15,O000496,P003,24
2025-11-15,O000497,P005,48
2025-11-15,O000498,P006,24
2025-11-15,O000499,P007,24
2025-11-15,O000500,K001,2
2025-11-15,O000501,K002,1
2025-11-15,O000502,K003,2
2025-11-15,O000503,K004,2
2025-11-15,O000504,K005,1
2025-11-17,O000490,P013,12
2025-11-17,O000505,P043,48
2025-11-17,O000506,P044,48
2025-11-17,O000507,P045,24
2025-11-17,O000508,P046,24
2025-11-17,O000509,P047,24
2025-11-17,O000511,P049,24
2025-11-17,O000512,P052,6
2025-11-18,O000513,P018,12
2025-11-18,O000514,P021,12
2025-11-18,O000515,P025,12
2025-11-18,O000516,P033,12
2025-11-18,O000517,P038,12
2025-11-18,O000519,P041,24
2025-11-19,O000510,P048,48
2025-11-19,O000520,P001,24
2025-11-19,O000521,P002,24
2025-11-19,O000522,P003,24
2025-11-19,O000523,P004,24
2025-11-19,O000524,P005,24
2025-11-19,O000526,K001,2
2025-11-19,O000527,K002,1
2025-11-19,O000528,K003,2
2025-11-19,O000529,K004,2
2025-11-19,O000530,K005,1
2025-11-20,O000518,P039,12
2025-11-20,O000525,P007,24
2025-11-20,O000531,P043,24
2025-11-20,O000532,P044,24
2025-11-20,O000533,P046,24
2025-11-20,O000534,P047,24
2025-11-21,O000535,P009,12
2025-11-21,O000536,P012,12
2025-11-21,O000537,P013,12
2025-11-21,O000538,P015,12
2025-11-21,O000539,P016,12
2025-11-21,O000540,P032,12
2025-11-22,O000541,P001,24
2025-11-22,O000542,P002,24
2025-11-22,O000543,P005,24
2025-11-22,O000544,P006,24
2025-11-22,O000545,P007,24
2025-11-22,O000546,P008,24
2025-11-22,O000547,K001,1
2025-11-22,O000548,K002,1
2025-11-22,O000549,K003,3
2025-11-22,O000550,K004,1
2025-11-22,O000551,K005,1
2025-11-24,O000552,P043,48
2025-11-24,O000553,P044,24
2025-11-24,O000554,P045,48
2025-11-24,O000555,P046,24
2025-11-24,O000556,P047,24
2025-11-24,O000557,P048,24
2025-11-24,O000558,P052,6
2025-11-25,O000559,P014,12
2025-11-25,O000560,P017,12
2025-11-25,O000561,P019,12
2025-11-25,O000562,P023,12
2025-11-25,O000563,P024,12
2025-11-25,O000564,P025,12
2025-11-25,O000565,P030,12
2025-11-25,O000566,P031,12
2025-11-25,O000567,P033,12
2025-11-25,O000568,P036,12
2025-11-25,O000569,P038,12
2025-11-25,O000570,P039,12
2025-11-25,O000571,P041,12
2025-11-26,O000572,P001,48
2025-11-26,O000573,P002,24
2025-11-26,O000575,P004,24
2025-11-26,O000577,K001,1
2025-11-26,O000578,K002,1
2025-11-26,O000579,K003,2
2025-11-26,O000580,K004,2
2025-11-26,O000581,K005,1
2025-11-27,O000582,P043,24
2025-11-27,O000583,P046,24
2025-11-27,O000584,P047,24
2025-11-27,O000585,P048,24
2025-11-27,O000586,P054,6
2025-11-27,O000587,P055,6
2025-11-28,O000574,P003,24
2025-11-28,O000588,P011,12
2025-11-28,O000589,P034,12
2025-11-28,O000590,P040,12
2025-11-28,O000591,P041,12
2025-11-29,O000576,P005,24
2025-11-29,O000592,P001,24
2025-11-29,O000593,P002,24
2025-11-29,O000594,P003,24
2025-11-29,O000595,P005,48
2025-11-29,O000596,P006,24
2025-11-29,O000597,P007,24
2025-11-29,O000598,K001,2
2025-11-29,O000599,K002,1
2025-11-29,O000600,K003,1
2025-11-29,O000601,K004,2
2025-11-29,O000602,K005,2
2025-12-01,O000603,P043,48
2025-12-01,O000605,P045,48
2025-12-01,O000606,P046,48
2025-12-01,O000607,P047,24
2025-12-01,O000608,P048,24
2025-12-01,O000609,P049,24
2025-12-01,O000610,P052,6
2025-12-02,O000611,P013,12
2025-12-02,O000612,P025,12
2025-12-02,O000613,P029,12
2025-12-02,O000614,P033,12
2025-12-02,O000615,P038,12
2025-12-02,O000616,P039,12
2025-12-02,O000617,P041,12
2025-12-03,O000618,P001,24
2025-12-03,O000619,P002,24
2025-12-03,O000620,P003,24
2025-12-03,O000625,K002,1
2025-12-03,O000626,K003,2
2025-12-03,O000627,K004,1
2025-12-04,O000604,P044,48
2025-12-04,O000621,P006,24
2025-12-04,O000622,P007,24
2025-12-04,O000628,P043,24
2025-12-04,O000629,P044,48
2025-12-04,O000630,P047,24
2025-12-04,O000631,P048,24
2025-12-05,O000624,K001,1
2025-12-05,O000632,P014,12
2025-12-05,O000633,P020,12
2025-12-05,O000634,P031,12
2025-12-05,O000635,P037,12
2025-12-06,O000623,P008,24
2025-12-06,O000636,P001,24
2025-12-06,O000637,P002,24
2025-12-06,O000638,P003,24
2025-12-06,O000639,P004,24
2025-12-06,O000640,P005,24
2025-12-06,O000641,P007,24
2025-12-06,O000642,P008,24
2025-12-06,O000644,K002,2
2025-12-06,O000645,K003,3
2025-12-06,O000646,K004,2
2025-12-08,O000647,K005,2
2025-12-08,O000648,P043,72
2025-12-08,O000651,P047,24
2025-12-08,O000652,P048,24
2025-12-08,O000653,P049,24
2025-12-08,O000654,P053,6
2025-12-09,O000643,K001,2
2025-12-09,O000655,P025,12
2025-12-09,O000656,P035,12
2025-12-09,O000657,P038,12
2025-12-09,O000658,P039,12
2025-12-09,O000659,P041,12
2025-12-09,O000660,P042,12
2025-12-10,O000650,P046,48
2025-12-10,O000661,P001,24
2025-12-10,O000662,P002,24
2025-12-10,O000663,P003,24
2025-12-10,O000664,P005,24
2025-12-10,O000665,P006,24
2025-12-10,O000666,K001,1
2025-12-10,O000667,K002,1
2025-12-10,O000668,K003,1
2025-12-10,O000669,K004,1
2025-12-11,O000649,P045,24
2025-12-11,O000670,P043,24
2025-12-11,O000671,P045,24
2025-12-11,O000672,P052,6
2025-12-12,O000673,P013,12
2025-12-12,O000674,P033,12
2025-12-12,O000675,P039,12
2025-12-12,O000676,P040,12
2025-12-12,O000677,P041,12
2025-12-13,O000678,P001,24
2025-12-13,O000679,P002,24
2025-12-13,O000680,P003,24
2025-12-13,O000681,P004,24
2025-12-13,O000682,P005,24
2025-12-13,O000684,K001,1
2025-12-13,O000685,K002,1
2025-12-13,O000686,K003,2
2025-12-13,O000687,K004,2
2025-12-15,O000683,P007,24
2025-12-15,O000690,P044,48
2025-12-15,O000691,P045,24
2025-12-15,O000692,P046,48
2025-12-15,O000693,P047,48
2025-12-15,O000694,P048,24
2025-12-15,O000695,P049,24
2025-12-16,O000688,K005,1
2025-12-16,O000689,P043,48
2025-12-16,O000696,P014,12
2025-12-16,O000697,P025,12
2025-12-16,O000698,P027,12
2025-12-16,O000699,P038,12
2025-12-17,O000700,P001,24
2025-12-17,O000701,P002,24
2025-12-17,O000702,P005,24
2025-12-17,O000703,P006,24
2025-12-17,O000704,K001,1
2025-12-17,O000705,K002,1
2025-12-17,O000706,K003,2
2025-12-17,O000707,K004,2
2025-12-17,O000708,K005,1
2025-12-18,O000709,P043,48
2025-12-18,O000710,P054,6
2025-12-19,O000712,P026,12
2025-12-19,O000713,P031,12
2025-12-19,O000714,P033,12
2025-12-19,O000715,P041,12
2025-12-20,O000716,P001,48
2025-12-20,O000717,P002,24
2025-12-20,O000718,P003,24
2025-12-20,O000719,P005,24
2025-12-20,O000720,P007,24
2025-12-20,O000721,K001,1
2025-12-20,O000722,K002,1
2025-12-20,O000723,K003,2
2025-12-20,O000724,K004,2
2025-12-20,O000725,K005,2
2025-12-22,O000711,P022,12
2025-12-22,O000726,P043,48
2025-12-22,O000727,P044,48
2025-12-22,O000728,P045,24
2025-12-22,O000729,P046,48
2025-12-22,O000730,P047,48
2025-12-22,O000731,P048,24
2025-12-22,O000732,P052,6
2025-12-23,O000733,P010,12
2025-12-23,O000734,P011,12
2025-12-23,O000735,P013,12
2025-12-23,O000736,P019,12
2025-12-23,O000737,P025,12
2025-12-23,O000738,P036,12
2025-12-23,O000739,P038,12
2025-12-23,O000740,P039,12
2025-12-23,O000741,P041,12
2025-12-24,O000742,P001,24
2025-12-24,O000743,P002,24
2025-12-24,O000744,P003,24
2025-12-24,O000745,P004,24
2025-12-24,O000746,P005,24
2025-12-24,O000747,P006,24
2025-12-24,O000748,P007,24
2025-12-24,O000750,K001,2
2025-12-24,O000751,K002,1
2025-12-24,O000753,K004,2
2025-12-24,O000754,K005,1
2025-12-25,O000752,K003,2
2025-12-25,O000755,P043,24
2025-12-25,O000756,P044,24
2025-12-25,O000757,P045,24
2025-12-25,O000758,P048,24
2025-12-26,O000759,P014,12
2025-12-26,O000760,P033,12
2025-12-26,O000761,P034,12
2025-12-26,O000762,P039,12
2025-12-27,O000749,P008,24
2025-12-27,O000763,P001,48
2025-12-27,O000764,P002,24
2025-12-27,O000765,P003,24
2025-12-27,O000766,P005,24
2025-12-27,O000767,P006,24
2025-12-27,O000768,P007,24
2025-12-27,O000769,P008,24
2025-12-27,O000771,K002,1
2025-12-27,O000772,K003,2
2025-12-27,O000773,K004,1
2025-12-27,O000774,K005,1
2025-12-29,O000770,K001,2
2025-12-29,O000776,P044,24
2025-12-29,O000777,P045,24
2025-12-29,O000778,P046,48
2025-12-29,O000779,P047,48
2025-12-29,O000780,P048,48
2025-12-29,O000781,P049,24
2025-12-29,O000782,P052,6
2025-12-30,O000775,P043,72
2025-12-30,O000783,P013,12
2025-12-30,O000784,P020,12
2025-12-30,O000785,P021,12
2025-12-30,O000786,P025,12
2025-12-30,O000787,P031,12
2025-12-30,O000788,P035,12
2025-12-30,O000789,P038,12
2025-12-30,O000790,P040,12
2025-12-30,O000791,P041,24
2025-12-31,O000792,P001,24
2025-12-31,O000793,P002,24
2025-12-31,O000794,P004,24
2025-12-31,O000795,P005,24
2025-12-31,O000796,K001,1
2025-12-31,O000797,K002,1
2025-12-31,O000798,K003,1
2025-12-31,O000799,K004,2
2025-12-31,O000800,K005,1
2026-01-01,O000801,P043,24
2026-01-01,O000802,P044,24
2026-01-02,O000803,P009,12
2026-01-02,O000804,P029,12
2026-01-02,O000805,P033,12
2026-01-02,O000806,P039,12
2026-01-03,O000807,P001,24
2026-01-03,O000808,P002,48
2026-01-03,O000809,P003,24
2026-01-03,O000810,P005,24
2026-01-03,O000812,P007,24
2026-01-03,O000813,K001,2
2026-01-03,O000814,K002,2
2026-01-03,O000815,K003,2
2026-01-03,O000816,K004,2
2026-01-03,O000817,K005,1
2026-01-04,O000811,P006,24
2026-01-05,O000818,P043,48
2026-01-05,O000819,P044,24
2026-01-05,O000820,P045,48
2026-01-05,O000821,P046,48
2026-01-05,O000822,P047,48
2026-01-05,O000823,P048,24
2026-01-05,O000824,P049,24
2026-01-05,O000825,P052,6
2026-01-05,O000826,P054,6
2026-01-06,O000827,P014,12
2026-01-06,O000828,P016,12
2026-01-06,O000829,P025,12
2026-01-06,O000830,P037,12
2026-01-06,O000831,P038,12
2026-01-06,O000832,P041,12
2026-01-06,O000833,P042,12
2026-01-07,O000834,P001,24
2026-01-07,O000835,P003,24
2026-01-07,O000836,P004,24
2026-01-07,O000837,P005,24
2026-01-07,O000838,P007,24
2026-01-07,O000839,K001,1
2026-01-07,O000840,K003,2
2026-01-07,O000841,K004,1
2026-01-07,O000842,K005,1
2026-01-08,O000843,P044,24
2026-01-09,O000844,P013,12
2026-01-09,O000845,P033,12
2026-01-09,O000846,P039,12
2026-01-09,O000847,P041,12
2026-01-10,O000848,P001,48
2026-01-10,O000849,P002,24
2026-01-10,O000850,P003,24
2026-01-10,O000851,P006,24
2026-01-10,O000852,K001,1
2026-01-10,O000853,K002,1
2026-01-10,O000854,K003,2
2026-01-10,O000855,K004,2
2026-01-10,O000856,K005,2
2026-01-12,O000858,P044,24
2026-01-12,O000860,P046,24
2026-01-12,O000861,P047,48
2026-01-12,O000862,P048,48
2026-01-12,O000863,P055,6
2026-01-13,O000857,P043,72
2026-01-13,O000859,P045,48
2026-01-13,O000864,P019,12
2026-01-13,O000865,P025,12
2026-01-13,O000868,P041,12
2026-01-14,O000866,P031,12
2026-01-14,O000867,P038,12
2026-01-14,O000869,P001,24
2026-01-14,O000871,P003,24
2026-01-14,O000872,P004,24
2026-01-14,O000873,P005,24
2026-01-14,O000875,P008,24
2026-01-14,O000876,K001,1
2026-01-14,O000878,K003,2
2026-01-14,O000879,K004,1
2026-01-14,O000880,K005,1
2026-01-15,O000870,P002,24
2026-01-15,O000881,P043,24
2026-01-15,O000882,P044,24
2026-01-15,O000883,P046,24
2026-01-16,O000877,K002,1
2026-01-16,O000884,P049,24
2026-01-16,O000885,P052,6
2026-01-16,O000887,P014,12
2026-01-16,O000888,P033,12
2026-01-16,O000889,P039,12
2026-01-17,O000874,P007,24
2026-01-17,O000886,P011,12
2026-01-17,O000891,P001,24
2026-01-17,O000892,P002,24
2026-01-17,O000893,P003,24
2026-01-17,O000894,P005,48
2026-01-17,O000895,P006,24
2026-01-17,O000896,P007,24
2026-01-17,O000898,K002,2
2026-01-17,O000899,K003,2
2026-01-17,O000900,K004,2
2026-01-17,O000901,K005,1
2026-01-19,O000890,P040,12
2026-01-19,O000897,K001,2
2026-01-19,O000902,P043,48
2026-01-19,O000903,P044,24
2026-01-19,O000904,P045,24
2026-01-19,O000905,P046,48
2026-01-19,O000906,P047,48
2026-01-19,O000907,P048,24
2026-01-20,O000908,P013,12
2026-01-20,O000909,P025,12
2026-01-20,O000910,P034,12
2026-01-20,O000911,P038,12
2026-01-20,O000912,P041,12
2026-01-21,O000913,P001,24
2026-01-21,O000914,P002,24
2026-01-21,O000915,P003,24
2026-01-21,O000916,P004,24
2026-01-21,O000917,P005,24
2026-01-21,O000918,K001,1
2026-01-21,O000919,K003,2
2026-01-21,O000921,K005,1
2026-01-22,O000922,P043,24
2026-01-22,O000924,P048,24
2026-01-22,O000925,P052,6
2026-01-22,O000926,P056,6
2026-01-23,O000920,K004,1
2026-01-23,O000923,P045,24
2026-01-23,O000927,P025,12
2026-01-23,O000928,P031,12
2026-01-23,O000929,P033,12
2026-01-23,O000930,P036,12
2026-01-23,O000931,P039,12
2026-01-23,O000932,P041,12
2026-01-24,O000933,P001,48
2026-01-24,O000934,P002,24
2026-01-24,O000935,P003,24
2026-01-24,O000936,P005,24
2026-01-24,O000937,P006,24
2026-01-24,O000938,P007,24
2026-01-24,O000939,P008,24
2026-01-24,O000940,K001,1
2026-01-24,O000941,K002,1
2026-01-24,O000942,K003,2
2026-01-24,O000943,K004,1
2026-01-24,O000944,K005,1
2026-01-26,O000945,P043,48
2026-01-26,O000946,P044,48
2026-01-26,O000947,P045,24
2026-01-26,O000948,P046,48
2026-01-26,O000949,P047,48
2026-01-26,O000950,P048,24
2026-01-26,O000951,P049,24
2026-01-26,O000952,P053,6
2026-01-26,O000953,P054,6
2026-01-27,O000954,P014,12
2026-01-27,O000955,P020,12
2026-01-27,O000957,P038,12
2026-01-27,O000958,P041,12
2026-01-28,O000959,P001,24
2026-01-28,O000961,P003,24
2026-01-28,O000962,P004,24
2026-01-28,O000963,P005,24
2026-01-28,O000964,P007,24
2026-01-28,O000965,K001,2
2026-01-28,O000966,K002,1
2026-01-28,O000967,K003,2
2026-01-28,O000968,K004,2
2026-01-28,O000969,K005,1
2026-01-29,O000956,P035,12
2026-01-29,O000970,P043,24
2026-01-29,O000971,P044,24
2026-01-29,O000972,P045,24
2026-01-30,O000973,P013,12
2026-01-30,O000974,P025,12
2026-01-30,O000975,P033,12
2026-01-30,O000976,P039,12
2026-01-30,O000977,P040,12
2026-01-30,O000978,P041,12
2026-01-31,O000960,P002,24
2026-01-31,O000979,P001,24
2026-01-31,O000980,P002,48
2026-01-31,O000981,P003,24
2026-01-31,O000982,P005,24
2026-01-31,O000983,P006,24
2026-01-31,O000984,K001,1
2026-01-31,O000986,K003,2
2026-01-31,O000987,K004,2
2026-01-31,O000988,K005,1
2026-02-02,O000985,K002,1
2026-02-02,O000989,P043,72
2026-02-02,O000990,P044,48
2026-02-02,O000991,P045,24
2026-02-02,O000992,P046,48
2026-02-02,O000993,P047,48
2026-02-02,O000994,P048,48
2026-02-02,O000995,P052,6
2026-02-03,O000996,P019,12
2026-02-03,O000997,P031,12
2026-02-03,O000998,P039,12
2026-02-03,O001000,P042,12
2026-02-04,O001001,P001,24
2026-02-04,O001002,P003,24
2026-02-04,O001003,P005,48
2026-02-04,O001004,P006,24
2026-02-04,O001006,P008,24
2026-02-04,O001007,K001,1
2026-02-04,O001008,K002,1
2026-02-04,O001009,K003,2
2026-02-04,O001010,K004,1
2026-02-04,O001011,K005,2
2026-02-05,O001012,P043,24
2026-02-05,O001013,P046,24
2026-02-06,O000999,P041,12
2026-02-06,O001014,P013,12
2026-02-06,O001015,P014,12
2026-02-06,O001016,P025,12
2026-02-06,O001017,P029,12
2026-02-06,O001018,P033,12
2026-02-06,O001019,P038,12
2026-02-06,O001020,P041,12
2026-02-07,O001005,P007,24
2026-02-07,O001021,P001,24
2026-02-07,O001022,P002,24
2026-02-07,O001023,P003,24
2026-02-07,O001024,P004,24
2026-02-07,O001025,P005,24
2026-02-07,O001026,P007,48
2026-02-07,O001027,K001,2
2026-02-07,O001028,K002,1
2026-02-07,O001029,K003,2
2026-02-07,O001030,K004,2
2026-02-07,O001031,K005,1
2026-02-09,O001032,P043,72
2026-02-09,O001033,P044,24
2026-02-09,O001034,P045,48
2026-02-09,O001035,P046,24
2026-02-09,O001036,P047,48
2026-02-09,O001037,P048,24
2026-02-09,O001038,P049,24
2026-02-09,O001039,P052,6
2026-02-10,O001040,P054,6
2026-02-10,O001041,P011,12
2026-02-10,O001042,P027,12
2026-02-10,O001043,P037,12
2026-02-10,O001044,P038,12
2026-02-10,O001045,P039,12
2026-02-10,O001046,P041,12
2026-02-11,O001047,P001,48
2026-02-11,O001048,P002,24
2026-02-11,O001049,P003,24
2026-02-11,O001050,P005,24
2026-02-11,O001051,P006,24
2026-02-11,O001052,P008,24
2026-02-11,O001053,K001,1
2026-02-11,O001054,K002,2
2026-02-11,O001055,K003,2
2026-02-11,O001056,K004,1
2026-02-11,O001057,K005,1
2026-02-12,O001058,P043,24
2026-02-12,O001059,P044,24
2026-02-12,O001060,P046,24
2026-02-12,O001061,P048,24
2026-02-13,O001062,P025,12
2026-02-13,O001063,P033,12
2026-02-13,O001064,P034,12
2026-02-13,O001065,P040,12
2026-02-14,O001066,P001,24
2026-02-14,O001067,P002,24
2026-02-14,O001068,P003,24
2026-02-14,O001069,P004,24
2026-02-14,O001070,P005,24
2026-02-14,O001071,K001,2
2026-02-14,O001072,K003,2
2026-02-14,O001073,K004,2
2026-02-14,O001074,K005,1
2026-02-16,O001075,P043,48
2026-02-16,O001076,P044,24
2026-02-16,O001077,P045,24
2026-02-16,O001078,P046,24
2026-02-16,O001079,P047,48
2026-02-16,O001080,P048,24
2026-02-16,O001081,P049,24
2026-02-16,O001082,P052,6
2026-02-17,O001083,P009,12
2026-02-17,O001084,P010,12
2026-02-17,O001085,P012,12
2026-02-17,O001086,P013,12
2026-02-17,O001087,P014,12
2026-02-17,O001088,P021,12
2026-02-17,O001089,P031,12
2026-02-17,O001090,P032,12
2026-02-17,O001091,P038,12
2026-02-17,O001092,P039,12
2026-02-17,O001093,P041,12
2026-02-18,O001094,P001,24
2026-02-18,O001095,P002,24
2026-02-18,O001096,P003,24
2026-02-18,O001097,P005,24
2026-02-18,O001098,P006,24
2026-02-18,O001099,P007,24
2026-02-18,O001100,K001,1
2026-02-18,O001102,K003,1
2026-02-18,O001103,K004,1
2026-02-18,O001104,K005,1
2026-02-19,O001105,P043,48
2026-02-19,O001106,P044,24
2026-02-19,O001107,P045,24
2026-02-19,O001108,P046,24
2026-02-20,O001109,P015,12
2026-02-20,O001110,P016,12
2026-02-20,O001112,P020,12
2026-02-20,O001113,P022,12
2026-02-20,O001114,P025,12
2026-02-20,O001115,P026,12
2026-02-20,O001116,P030,12
2026-02-20,O001117,P033,12
2026-02-20,O001118,P035,12
2026-02-20,O001119,P036,12
2026-02-20,O001120,P041,12
2026-02-21,O001101,K002,1
2026-02-21,O001121,P001,24
2026-02-21,O001122,P002,24
2026-02-21,O001123,P003,24
2026-02-21,O001124,P004,24
2026-02-21,O001125,P005,24
2026-02-21,O001126,P006,24
2026-02-21,O001127,P008,24
2026-02-21,O001128,K001,1
2026-02-21,O001129,K002,2
2026-02-21,O001130,K003,2
2026-02-21,O001131,K004,2
2026-02-21,O001132,K005,1
2026-02-22,O001111,P018,12
2026-02-23,O001133,P043,24
2026-02-23,O001134,P044,24
2026-02-23,O001135,P045,24
2026-02-23,O001136,P046,48
2026-02-23,O001137,P047,48
2026-02-23,O001138,P048,24
2026-02-23,O001139,P055,6
2026-02-24,O001140,P013,12
2026-02-24,O001141,P017,12
2026-02-24,O001142,P019,12
2026-02-24,O001143,P023,12
2026-02-24,O001144,P038,12
2026-02-24,O001145,P039,12
2026-02-24,O001146,P041,12
2026-02-24,O001147,P042,12
2026-02-25,O001148,P001,48
2026-02-25,O001149,P002,24
2026-02-25,O001150,P003,24
2026-02-25,O001151,P005,24
2026-02-25,O001152,P007,24
2026-02-25,O001153,K001,1
2026-02-25,O001154,K003,2
2026-02-25,O001155,K004,2
2026-02-25,O001156,K005,1
2026-02-26,O001157,P043,24
2026-02-26,O001158,P044,24
2026-02-26,O001159,P045,24
2026-02-26,O001160,P048,24
2026-02-26,O001161,P052,6
2026-02-27,O001162,P024,12
2026-02-27,O001163,P025,12
2026-02-27,O001164,P028,12
2026-02-27,O001165,P031,12
2026-02-27,O001166,P033,12
2026-02-28,O001167,P001,24
2026-02-28,O001168,P002,24
2026-02-28,O001169,P003,24
2026-02-28,O001170,P004,24
2026-02-28,O001171,P005,24
2026-02-28,O001172,P006,24
2026-02-28,O001173,P007,24
2026-02-28,O001174,K001,2
2026-02-28,O001175,K002,1
2026-02-28,O001176,K003,2
2026-02-28,O001177,K004,2
2026-02-28,O001178,K005,1
2026-03-02,O001179,P043,72
2026-03-02,O001180,P044,48
2026-03-02,O001181,P045,24
2026-03-02,O001182,P046,48
2026-03-02,O001183,P047,48
2026-03-02,O001184,P048,24
2026-03-02,O001185,P049,24
2026-03-02,O001186,P054,6
2026-03-03,O001187,P011,12
2026-03-03,O001188,P014,12
2026-03-03,O001189,P033,12
2026-03-03,O001190,P038,12
2026-03-03,O001191,P039,12
2026-03-03,O001192,P040,12
2026-03-03,O001193,P041,12
2026-03-04,O001194,P001,48
2026-03-04,O001195,P002,48
2026-03-04,O001196,P003,24
2026-03-04,O001197,P005,24
2026-03-04,O001198,P006,24
2026-03-04,O001199,P008,24
2026-03-04,O001200,K001,2
2026-03-04,O001201,K002,1
2026-03-04,O001202,K003,3
2026-03-04,O001203,K004,2
2026-03-04,O001204,K005,2
2026-03-05,O001205,P043,24
2026-03-05,O001206,P045,24
2026-03-05,O001207,P048,24
2026-03-05,O001208,P052,6
2026-03-06,O001209,P013,12
2026-03-06,O001210,P025,12
2026-03-06,O001211,P039,12
2026-03-06,O001212,P041,12
2026-03-07,O001213,P001,24
2026-03-07,O001214,P002,24
2026-03-07,O001215,P003,24
2026-03-07,O001216,P004,24
2026-03-07,O001217,P005,24
2026-03-07,O001218,P007,24
2026-03-07,O001219,K001,1
2026-03-07,O001221,K003,2
2026-03-07,O001222,K004,1
2026-03-07,O001223,K005,1
2026-03-08,O001220,K002,1
2026-03-09,O001224,P043,72
2026-03-09,O001225,P044,48
2026-03-09,O001226,P045,24
2026-03-09,O001227,P046,48
2026-03-09,O001228,P047,48
2026-03-09,O001229,P048,24
2026-03-09,O001230,P049,24
2026-03-10,O001231,P014,12
2026-03-10,O001233,P029,12
2026-03-10,O001234,P031,12
2026-03-10,O001235,P033,12
2026-03-10,O001236,P034,12
2026-03-10,O001237,P038,12
2026-03-11,O001232,P025,12
2026-03-11,O001239,P001,24
2026-03-11,O001240,P002,24
2026-03-11,O001241,P003,24
2026-03-11,O001242,P005,24
2026-03-11,O001243,P006,24
2026-03-11,O001244,P007,24
2026-03-11,O001245,K001,2
2026-03-11,O001246,K002,1
2026-03-11,O001247,K003,3
2026-03-11,O001248,K004,3
2026-03-11,O001249,K005,1
2026-03-12,O001238,P041,12
2026-03-12,O001250,P043,24
2026-03-12,O001251,P044,24
2026-03-12,O001252,P045,24
2026-03-12,O001254,P047,24
2026-03-12,O001255,P052,6
2026-03-13,O001253,P046,24
2026-03-13,O001256,P035,12
2026-03-13,O001257,P037,12
2026-03-13,O001258,P039,12
2026-03-14,O001259,P041,12
2026-03-14,O001260,P001,48
2026-03-14,O001261,P002,24
2026-03-14,O001262,P003,24
2026-03-14,O001263,P004,24
2026-03-14,O001264,P005,48
2026-03-14,O001265,P006,24
2026-03-14,O001266,P007,24
2026-03-14,O001267,P008,24
2026-03-14,O001268,K001,2
2026-03-14,O001269,K002,1
2026-03-14,O001270,K003,3
2026-03-14,O001271,K004,2
2026-03-14,O001272,K005,1
2026-03-16,O001273,P043,72
2026-03-16,O001274,P044,48
2026-03-16,O001275,P045,24
2026-03-16,O001276,P046,24
2026-03-16,O001277,P047,48
2026-03-16,O001278,P048,48
2026-03-16,O001279,P049,24
2026-03-16,O001280,P053,6
2026-03-16,O001281,P054,6
2026-03-17,O001282,P013,12
2026-03-17,O001283,P019,12
2026-03-17,O001284,P020,12
2026-03-17,O001285,P025,12
2026-03-17,O001286,P033,12
2026-03-17,O001287,P036,12
2026-03-17,O001288,P038,12
2026-03-17,O001291,P041,12
2026-03-18,O001292,P001,48
2026-03-18,O001293,P002,24
2026-03-18,O001294,P003,24
2026-03-18,O001295,P005,24
2026-03-18,O001296,P006,24
2026-03-18,O001297,K001,2
2026-03-18,O001298,K002,2
2026-03-18,O001299,K003,2
2026-03-18,O001300,K004,1
2026-03-18,O001301,K005,2
2026-03-19,O001302,P043,24
2026-03-19,O001303,P044,24
2026-03-19,O001304,P045,24
2026-03-19,O001306,P048,24
2026-03-19,O001307,P052,6
2026-03-20,O001289,P039,12
2026-03-20,O001290,P040,12
2026-03-20,O001308,P014,12
2026-03-20,O001310,P033,12
2026-03-20,O001311,P038,12
2026-03-20,O001312,P039,12
2026-03-20,O001313,P040,12
2026-03-20,O001314,P041,12
2026-03-20,O001315,P042,12
2026-03-21,O001316,P001,24
2026-03-21,O001317,P002,48
2026-03-21,O001318,P003,24
2026-03-21,O001319,P004,24
2026-03-21,O001321,P007,24
2026-03-21,O001322,P008,24
2026-03-21,O001323,K001,1
2026-03-21,O001324,K002,1
2026-03-21,O001325,K003,3
2026-03-21,O001326,K004,3
2026-03-21,O001327,K005,1
2026-03-22,O001305,P046,24
2026-03-23,O001309,P031,12
2026-03-23,O001320,P005,24
2026-03-23,O001328,P043,72
2026-03-23,O001329,P044,24
2026-03-23,O001330,P045,24
2026-03-23,O001331,P046,48
2026-03-23,O001333,P048,24
2026-03-23,O001334,P049,24
2026-03-24,O001335,P011,12
2026-03-24,O001336,P013,12
2026-03-24,O001337,P025,12
2026-03-24,O001338,P041,12
2026-03-25,O001332,P047,48
2026-03-25,O001339,P001,24
2026-03-25,O001340,P003,24
2026-03-25,O001341,P005,24
2026-03-25,O001342,P006,24
2026-03-25,O001343,P007,24
2026-03-25,O001345,K002,1
2026-03-25,O001346,K003,2
2026-03-25,O001347,K004,2
2026-03-25,O001348,K005,1
2026-03-26,O001349,P043,24
2026-03-26,O001350,P044,24
2026-03-26,O001351,P045,24
2026-03-26,O001352,P046,24
2026-03-26,O001353,P047,24
2026-03-26,O001355,P056,6
2026-03-27,O001356,P021,12
2026-03-27,O001358,P033,12
2026-03-27,O001359,P038,12
2026-03-27,O001360,P041,12
2026-03-28,O001344,K001,1
2026-03-28,O001361,P001,48
2026-03-28,O001362,P002,24
2026-03-28,O001363,P003,24
2026-03-28,O001364,P004,24
2026-03-28,O001365,P005,24
2026-03-28,O001366,P007,24
2026-03-28,O001367,K001,3
2026-03-28,O001368,K002,1
2026-03-28,O001369,K003,2
2026-03-28,O001370,K004,1
2026-03-28,O001371,K005,2
2026-03-29,O001354,P052,6
2026-03-30,O001357,P025,12
2026-03-30,O001372,P043,72
2026-03-30,O001373,P044,24
2026-03-30,O001374,P045,48
2026-03-30,O001375,P046,24
2026-03-30,O001376,P047,24
2026-03-30,O001377,P048,48
2026-03-31,O001378,P009,12
2026-03-31,O001379,P013,12
2026-03-31,O001380,P014,12
2026-03-31,O001381,P016,12
2026-03-31,O001382,P031,12
2026-03-31,O001383,P034,12
2026-03-31,O001384,P039,12
2026-03-31,O001385,P041,12
2026-04-01,O001386,P001,24
2026-04-01,O001387,P002,24
2026-04-01,O001388,P003,24
2026-04-01,O001389,P004,24
2026-04-01,O001390,P005,24
2026-04-01,O001391,P006,24
2026-04-01,O001392,P008,24
2026-04-01,O001393,K002,1
2026-04-01,O001394,K003,2
2026-04-01,O001395,K004,2
2026-04-01,O001396,K005,1
2026-04-02,O001397,P043,24
2026-04-02,O001399,P046,24
2026-04-02,O001400,P047,24
2026-04-02,O001401,P049,24
2026-04-02,O001402,P052,6
2026-04-02,O001403,P054,6
2026-04-02,O001404,P055,6
2026-04-03,O001398,P044,24
2026-04-03,O001405,P019,12
2026-04-03,O001406,P025,12
2026-04-03,O001407,P033,12
2026-04-03,O001408,P035,12
2026-04-03,O001409,P038,12
2026-04-03,O001410,P039,12
2026-04-04,O001413,P002,48
2026-04-04,O001414,P003,24
2026-04-04,O001415,P005,48
2026-04-04,O001416,P006,24
2026-04-04,O001417,P007,24
2026-04-04,O001418,K001,2
2026-04-04,O001419,K002,2
2026-04-04,O001421,K004,2
2026-04-04,O001422,K005,1
2026-04-06,O001411,P041,12
2026-04-06,O001412,P001,48
2026-04-06,O001423,P043,72
2026-04-06,O001424,P044,48
2026-04-06,O001425,P045,24
2026-04-06,O001426,P046,48
2026-04-06,O001427,P047,24
2026-04-06,O001428,P048,24
2026-04-07,O001420,K003,3
2026-04-07,O001429,P014,12
2026-04-07,O001430,P020,12
2026-04-07,O001431,P027,12
2026-04-07,O001432,P029,12
2026-04-07,O001433,P041,12
2026-04-08,O001434,P001,24
2026-04-08,O001435,P002,24
2026-04-08,O001436,P003,24
2026-04-08,O001437,P004,24
2026-04-08,O001438,P005,24
2026-04-08,O001439,P007,24
2026-04-08,O001440,K001,1
2026-04-08,O001441,K003,2
2026-04-08,O001442,K004,3
2026-04-08,O001443,K005,1
2026-04-09,O001445,P045,24
2026-04-09,O001447,P048,24
2026-04-10,O001446,P047,24
2026-04-10,O001448,P010,12
2026-04-10,O001449,P013,12
2026-04-10,O001450,P025,12
2026-04-10,O001451,P031,12
2026-04-10,O001452,P033,12
2026-04-10,O001453,P037,12
2026-04-10,O001454,P038,12
2026-04-10,O001455,P039,12
2026-04-10,O001456,P041,12
2026-04-11,O001457,P001,24
2026-04-11,O001458,P002,24
2026-04-11,O001459,P003,24
2026-04-11,O001460,P005,24
2026-04-11,O001461,P006,24
2026-04-11,O001463,P008,24
2026-04-11,O001464,K001,2
2026-04-11,O001465,K002,2
2026-04-11,O001466,K003,2
2026-04-11,O001467,K004,1
2026-04-11,O001468,K005,2
2026-04-12,O001444,P043,24
2026-04-12,O001462,P007,24
2026-04-13,O001469,P043,72
2026-04-13,O001470,P044,48
2026-04-13,O001471,P045,48
2026-04-13,O001472,P046,48
2026-04-13,O001473,P047,24
2026-04-13,O001474,P048,24
2026-04-13,O001475,P049,24
2026-04-13,O001476,P052,6
2026-04-14,O001477,P011,12
2026-04-14,O001478,P022,12
2026-04-14,O001479,P025,12
2026-04-14,O001480,P026,12
2026-04-14,O001481,P033,12
2026-04-14,O001482,P036,12
2026-04-14,O001483,P039,12
2026-04-14,O001486,P042,12
2026-04-15,O001484,P040,12
2026-04-15,O001487,P001,48
2026-04-15,O001488,P002,24
2026-04-15,O001489,P003,24
2026-04-15,O001491,P005,24
2026-04-15,O001492,P006,24
2026-04-15,O001493,P007,24
2026-04-15,O001494,K001,1
2026-04-15,O001495,K002,1
2026-04-15,O001496,K003,3
2026-04-15,O001497,K004,2
2026-04-15,O001498,K005,1
2026-04-16,O001485,P041,12
2026-04-16,O001499,P043,24
2026-04-16,O001500,P044,24
2026-04-16,O001501,P046,24
2026-04-16,O001502,P047,24
2026-04-16,O001503,P048,24
2026-04-17,O001490,P004,24
2026-04-17,O001504,P013,12
2026-04-17,O001505,P014,12
2026-04-17,O001506,P038,12
2026-04-17,O001507,P041,12
2026-04-18,O001508,P001,48
2026-04-18,O001509,P002,48
2026-04-18,O001510,P003,24
2026-04-18,O001512,P007,24
2026-04-18,O001513,P008,24
2026-04-18,O001515,K002,2
2026-04-18,O001516,K003,2
2026-04-18,O001517,K004,2
2026-04-18,O001518,K005,1
2026-04-19,O001514,K001,2
2026-04-20,O001511,P005,48
2026-04-20,O001519,P043,72
2026-04-20,O001520,P044,48
2026-04-20,O001521,P045,48
2026-04-20,O001522,P046,48
2026-04-20,O001523,P047,48
2026-04-20,O001524,P048,24
2026-04-20,O001525,P049,24
2026-04-20,O001526,P052,6
2026-04-20,O001527,P054,6
2026-04-21,O001528,P025,12
2026-04-21,O001529,P031,12
2026-04-21,O001530,P033,12
2026-04-21,O001531,P034,12
2026-04-21,O001532,P038,12
2026-04-21,O001533,P039,12
2026-04-21,O001534,P041,12
2026-04-22,O001535,P001,24
2026-04-22,O001536,P002,48
2026-04-22,O001537,P003,24
2026-04-22,O001538,P004,24
2026-04-22,O001539,P005,24
2026-04-22,O001540,P006,24
2026-04-22,O001541,K001,2
2026-04-22,O001542,K002,1
2026-04-22,O001543,K003,3
2026-04-22,O001544,K004,2
2026-04-22,O001545,K005,2
2026-04-23,O001546,P043,48
2026-04-23,O001547,P045,24
2026-04-23,O001549,P047,24
2026-04-23,O001550,P048,24
2026-04-24,O001551,P013,12
2026-04-24,O001552,P019,12
2026-04-24,O001554,P039,12
2026-04-24,O001555,P040,12
2026-04-24,O001556,P041,12
2026-04-25,O001548,P046,24
2026-04-25,O001557,P001,48
2026-04-25,O001558,P002,24
2026-04-25,O001559,P003,24
2026-04-25,O001560,P004,24
2026-04-25,O001561,P005,24
2026-04-25,O001562,P006,24
2026-04-25,O001563,P007,24
2026-04-25,O001564,P008,24
2026-04-25,O001565,K001,2
2026-04-25,O001566,K002,1
2026-04-25,O001567,K003,2
2026-04-25,O001568,K004,2
2026-04-25,O001569,K005,2
2026-04-26,O001553,P035,12
2026-04-27,O001570,P043,72
2026-04-27,O001571,P044,48
2026-04-27,O001572,P045,48
2026-04-27,O001573,P046,48
2026-04-27,O001574,P047,48
2026-04-27,O001575,P048,48
2026-04-27,O001576,P049,24
2026-04-27,O001577,P052,6
2026-04-27,O001578,P053,6
2026-04-28,O001579,P014,12
2026-04-28,O001580,P020,12
2026-04-28,O001581,P025,12
2026-04-28,O001582,P031,12
2026-04-28,O001583,P033,12
2026-04-28,O001584,P038,12
2026-04-28,O001585,P039,12
2026-04-28,O001586,P041,12
2026-04-29,O001587,P001,24
2026-04-29,O001589,P003,24
2026-04-29,O001590,P005,24
2026-04-29,O001591,P006,24
2026-04-29,O001592,P007,24
2026-04-29,O001593,K001,2
2026-04-29,O001594,K002,2
2026-04-29,O001595,K003,3
2026-04-29,O001596,K004,2
2026-04-29,O001597,K005,1
2026-04-30,O001598,P043,48
2026-04-30,O001599,P044,24
2026-04-30,O001600,P045,24
2026-04-30,O001601,P046,24
2026-05-01,O001588,P002,24
2026-05-01,O001602,P012,12
2026-05-01,O001603,P013,12
2026-05-01,O001604,P025,12
2026-05-01,O001605,P033,12
2026-05-01,O001606,P038,12
2026-05-01,O001607,P041,12
2026-05-01,O001608,P042,12
2026-05-02,O001609,P001,48
2026-05-02,O001610,P002,48
2026-05-02,O001611,P003,24
2026-05-02,O001613,P005,48
2026-05-02,O001614,P007,24
2026-05-02,O001615,P008,24
2026-05-02,O001616,K001,1
2026-05-02,O001617,K002,1
2026-05-02,O001618,K003,2
2026-05-02,O001619,K004,2
2026-05-02,O001620,K005,1
2026-05-03,O001612,P004,24
2026-05-04,O001621,P043,72
2026-05-04,O001623,P045,48
2026-05-04,O001624,P046,48
2026-05-04,O001625,P047,48
2026-05-04,O001626,P048,48
2026-05-04,O001627,P049,24
2026-05-04,O001628,P052,6
2026-05-04,O001629,P054,6
2026-05-05,O001630,P009,12
2026-05-05,O001631,P011,12
2026-05-05,O001632,P014,12
2026-05-05,O001633,P015,12
2026-05-05,O001634,P016,12
2026-05-05,O001635,P021,12
2026-05-05,O001636,P023,12
2026-05-05,O001637,P025,12
2026-05-05,O001639,P032,12
2026-05-05,O001640,P033,12
2026-05-05,O001642,P036,12
2026-05-05,O001643,P037,12
2026-05-05,O001644,P038,12
2026-05-05,O001645,P039,12
2026-05-05,O001646,P040,12
2026-05-05,O001647,P041,12
2026-05-06,O001648,P001,48
2026-05-06,O001649,P002,24
2026-05-06,O001650,P003,48
2026-05-06,O001651,P005,24
2026-05-06,O001652,P006,24
2026-05-06,O001654,K001,2
2026-05-06,O001655,K002,1
2026-05-06,O001657,K004,3
2026-05-06,O001658,K005,2
2026-05-07,O001622,P044,48
2026-05-07,O001638,P029,12
2026-05-07,O001653,P007,24
2026-05-07,O001656,K003,3
2026-05-07,O001659,P043,24
2026-05-07,O001660,P044,72
2026-05-07,O001661,P046,24
2026-05-07,O001662,P047,24
2026-05-07,O001663,P052,6
2026-05-08,O001641,P034,12
2026-05-08,O001664,P013,12
2026-05-08,O001666,P024,12
2026-05-08,O001667,P030,12
2026-05-08,O001668,P034,12
2026-05-08,O001669,P039,12
2026-05-08,O001670,P041,12
2026-05-09,O001665,P018,12
2026-05-09,O001672,P002,24
2026-05-09,O001673,P003,24
2026-05-09,O001674,P004,24
2026-05-09,O001675,P005,24
2026-05-09,O001676,P006,24
2026-05-09,O001677,P007,24
2026-05-09,O001678,P008,24
2026-05-09,O001679,K001,1
2026-05-09,O001680,K002,1
2026-05-09,O001681,K003,3
2026-05-09,O001682,K004,2
2026-05-09,O001683,K005,1
2026-05-11,O001671,P001,24
2026-05-11,O001685,P045,48
2026-05-11,O001686,P046,48
2026-05-11,O001688,P048,48
2026-05-11,O001689,P055,6
2026-05-12,O001687,P047,48
2026-05-12,O001690,P014,12
2026-05-12,O001691,P019,12
2026-05-12,O001692,P025,12
2026-05-12,O001693,P031,12
2026-05-12,O001694,P033,12
2026-05-12,O001695,P038,12
2026-05-12,O001696,P039,12
2026-05-13,O001698,P001,48
2026-05-13,O001700,P003,24
2026-05-13,O001702,P006,24
2026-05-13,O001703,P007,24
2026-05-13,O001704,K001,2
2026-05-13,O001705,K002,2
2026-05-13,O001706,K003,3
2026-05-13,O001707,K004,2
2026-05-13,O001708,K005,2
2026-05-14,O001684,P043,72
2026-05-14,O001697,P041,12
2026-05-14,O001701,P005,48
2026-05-14,O001709,P043,96
2026-05-14,O001710,P044,24
2026-05-14,O001711,P045,24
2026-05-14,O001712,P049,24
2026-05-14,O001713,P052,6
2026-05-15,O001699,P002,24
2026-05-15,O001714,P013,12
2026-05-15,O001715,P017,12
2026-05-15,O001716,P025,12
2026-05-15,O001717,P035,12
2026-05-16,O001719,P001,48
2026-05-16,O001720,P002,48
2026-05-16,O001722,P004,24
2026-05-16,O001723,P005,24
2026-05-16,O001724,P006,24
2026-05-16,O001725,P007,24
2026-05-16,O001726,P008,24
2026-05-16,O001727,K001,2
2026-05-16,O001729,K003,2
2026-05-16,O001730,K004,3
2026-05-16,O001731,K005,1
2026-05-17,O001718,P041,12
2026-05-18,O001721,P003,48
2026-05-18,O001728,K002,1
2026-05-18,O001732,P044,24
2026-05-18,O001734,P046,48
2026-05-18,O001735,P047,48
2026-05-18,O001736,P048,48
2026-05-18,O001737,P054,6
2026-05-19,O001738,P014,12
2026-05-19,O001740,P031,12
2026-05-19,O001741,P033,12
2026-05-19,O001742,P038,12
2026-05-19,O001743,P039,12
2026-05-19,O001745,P041,12
2026-05-20,O001733,P045,24
2026-05-20,O001746,P001,48
2026-05-20,O001747,P002,24
2026-05-20,O001748,P003,24
2026-05-20,O001749,P004,24
2026-05-20,O001750,P005,48
2026-05-20,O001752,K002,2
2026-05-20,O001753,K003,3
2026-05-20,O001754,K004,1
2026-05-20,O001755,K005,2
2026-05-21,O001739,P020,12
2026-05-21,O001744,P040,12
2026-05-21,O001756,P043,48
2026-05-21,O001757,P044,24
2026-05-21,O001758,P045,24
2026-05-21,O001759,P046,24
2026-05-21,O001760,P047,24
2026-05-21,O001761,P052,6
2026-05-21,O001762,P056,6
2026-05-22,O001763,P011,12
2026-05-22,O001764,P013,12
2026-05-22,O001765,P025,12
2026-05-22,O001766,P033,12
2026-05-22,O001767,P038,12
2026-05-22,O001768,P039,12
2026-05-22,O001769,P041,12
2026-05-23,O001751,K001,2
2026-05-23,O001770,P001,24
2026-05-23,O001771,P002,24
2026-05-23,O001772,P003,24
2026-05-23,O001773,P005,24
2026-05-23,O001774,P006,24
2026-05-23,O001775,P007,24
2026-05-23,O001776,K001,4
2026-05-23,O001777,K002,1
2026-05-23,O001778,K003,3
2026-05-23,O001779,K004,2
2026-05-23,O001780,K005,2
2026-05-25,O001781,P043,72
2026-05-25,O001782,P044,24
2026-05-25,O001783,P045,24
2026-05-25,O001784,P046,48
2026-05-25,O001785,P047,24
2026-05-25,O001786,P048,48
2026-05-25,O001787,P049,24
2026-05-26,O001789,P027,12
2026-05-26,O001790,P041,12
2026-05-26,O001791,P042,12
2026-05-27,O001792,P001,48
2026-05-27,O001793,P002,24
2026-05-27,O001794,P003,24
2026-05-27,O001796,P005,24
2026-05-27,O001797,P007,24
2026-05-27,O001798,P008,24
2026-05-27,O001800,K003,2
2026-05-27,O001801,K004,3
2026-05-27,O001802,K005,1
2026-05-28,O001788,P025,12
2026-05-28,O001803,P043,24
2026-05-28,O001804,P044,24
2026-05-28,O001805,P045,24
2026-05-28,O001806,P047,24
2026-05-28,O001807,P052,6
2026-05-29,O001799,K002,1
2026-05-29,O001808,P010,12
2026-05-29,O001809,P013,12
2026-05-29,O001810,P014,12
2026-05-29,O001811,P019,12
2026-05-29,O001812,P022,12
2026-05-29,O001813,P026,12
2026-05-29,O001814,P029,12
2026-05-29,O001815,P031,12
2026-05-29,O001816,P033,12
2026-05-29,O001817,P036,12
2026-05-29,O001818,P038,12
2026-05-29,O001819,P039,12
2026-05-30,O001795,P004,24
2026-05-30,O001820,P041,12
2026-05-30,O001821,P001,24
2026-05-30,O001822,P002,48
2026-05-30,O001823,P003,24
2026-05-30,O001824,P004,24
2026-05-30,O001825,P005,24
2026-05-30,O001826,P006,24
2026-05-30,O001827,P007,24
2026-05-30,O001828,K001,1
2026-05-30,O001829,K002,1
2026-05-30,O001830,K003,3
2026-05-30,O001831,K004,2
2026-05-30,O001832,K005,1
2026-06-01,O001833,P043,72
2026-06-01,O001834,P044,48
2026-06-01,O001835,P045,24
2026-06-01,O001836,P046,48
2026-06-01,O001838,P048,24
2026-06-01,O001839,P049,24
2026-06-01,O001840,P054,6
2026-06-02,O001841,P025,12
2026-06-02,O001842,P035,12
2026-06-02,O001843,P037,12
2026-06-02,O001844,P038,12
2026-06-02,O001845,P039,12
2026-06-02,O001846,P040,12
2026-06-02,O001847,P041,12
2026-06-03,O001837,P047,48
2026-06-03,O001849,P002,24
2026-06-03,O001850,P003,24
2026-06-03,O001851,P005,48
2026-06-03,O001852,P006,24
2026-06-03,O001853,P007,24
2026-06-03,O001854,P008,24
2026-06-03,O001855,K001,2
2026-06-03,O001856,K002,2
2026-06-03,O001857,K003,2
2026-06-03,O001858,K004,2
2026-06-03,O001859,K005,1
2026-06-04,O001860,P043,24
2026-06-04,O001861,P044,24
2026-06-04,O001863,P046,24
2026-06-04,O001864,P048,24
2026-06-05,O001848,P001,48
2026-06-05,O001865,P052,6
2026-06-05,O001866,P013,12
2026-06-05,O001867,P014,12
2026-06-05,O001869,P033,12
2026-06-05,O001870,P041,12
2026-06-06,O001862,P045,24
2026-06-06,O001868,P025,12
2026-06-06,O001872,P002,24
2026-06-06,O001874,P005,24
2026-06-06,O001875,P006,24
2026-06-06,O001876,P007,24
2026-06-06,O001877,K001,2
2026-06-06,O001878,K002,1
2026-06-06,O001879,K003,3
2026-06-06,O001880,K004,2
2026-06-06,O001881,K005,2
2026-06-07,O001871,P001,48
2026-06-07,O001873,P003,48
2026-06-08,O001882,P043,72
2026-06-08,O001883,P044,48
2026-06-08,O001884,P045,48
2026-06-08,O001885,P046,72
2026-06-08,O001886,P047,72
2026-06-08,O001887,P048,48
2026-06-08,O001888,P049,24
2026-06-08,O001889,P052,6
2026-06-08,O001890,P053,6
2026-06-09,O001891,P009,12
2026-06-09,O001892,P011,12
2026-06-09,O001893,P016,12
2026-06-09,O001894,P020,12
2026-06-09,O001895,P021,12
2026-06-09,O001896,P025,12
2026-06-09,O001897,P031,12
2026-06-09,O001898,P033,12
2026-06-09,O001899,P038,24
2026-06-09,O001900,P039,24
2026-06-10,O001901,P041,12
2026-06-10,O001902,P001,24
2026-06-10,O001903,P002,48
2026-06-10,O001905,P004,24
2026-06-10,O001906,P005,48
2026-06-10,O001907,P006,24
2026-06-10,O001908,P007,24
2026-06-10,O001909,P008,24
2026-06-10,O001910,K001,2
2026-06-10,O001911,K002,2
2026-06-10,O001912,K003,3
2026-06-10,O001913,K004,3
2026-06-10,O001914,K005,2
2026-06-11,O001904,P003,24
2026-06-11,O001915,P043,216
2026-06-11,O001916,P044,24
2026-06-11,O001917,P045,24
2026-06-11,O001918,P046,24
2026-06-11,O001919,P047,24
2026-06-11,O001920,P048,24
2026-06-11,O001921,P055,6
2026-06-12,O001922,P013,12
2026-06-12,O001923,P014,12
2026-06-12,O001924,P034,12
2026-06-12,O001925,P040,12
2026-06-12,O001926,P041,12
2026-06-13,O001927,P042,12
2026-06-13,O001928,P001,48
2026-06-13,O001929,P002,24
2026-06-13,O001930,P003,24
2026-06-13,O001931,P004,24
2026-06-13,O001932,P005,24
2026-06-13,O001933,P007,24
2026-06-13,O001934,K001,2
2026-06-13,O001935,K002,1
2026-06-13,O001936,K003,3
2026-06-13,O001937,K004,2
2026-06-13,O001938,K005,2
2026-06-15,O001939,P044,48
2026-06-15,O001940,P045,24
2026-06-15,O001941,P046,48
2026-06-15,O001942,P047,24
2026-06-15,O001943,P048,24
2026-06-15,O001945,P052,6
2026-06-16,O001947,P009,12
2026-06-16,O001948,P019,12
2026-06-16,O001949,P025,12
2026-06-16,O001950,P031,12
2026-06-16,O001951,P033,12
2026-06-16,O001952,P038,12
2026-06-16,O001953,P039,12
2026-06-16,O001954,P041,12
2026-06-17,O001944,P049,24
2026-06-17,O001946,P054,6
2026-06-17,O001955,P001,48
2026-06-17,O001956,P002,48
2026-06-17,O001957,P003,48
2026-06-17,O001958,P005,48
2026-06-17,O001959,P006,24
2026-06-17,O001960,P007,24
2026-06-17,O001961,P008,24
2026-06-17,O001962,K001,3
2026-06-17,O001963,K002,2
2026-06-17,O001964,K003,7
2026-06-17,O001965,K004,3
2026-06-17,O001966,K005,2
2026-06-18,O001967,P044,24
2026-06-18,O001969,P046,24
2026-06-18,O001970,P047,48
2026-06-18,O001971,P048,24
2026-06-19,O001972,P013,12
2026-06-19,O001973,P014,12
2026-06-19,O001974,P025,12
2026-06-19,O001975,P029,12
2026-06-19,O001976,P033,12
2026-06-19,O001977,P035,12
2026-06-19,O001978,P036,12
2026-06-19,O001979,P038,12
2026-06-19,O001980,P039,12
2026-06-19,O001981,P041,12
2026-06-20,O001968,P045,48
2026-06-20,O001982,P001,48
2026-06-20,O001983,P002,48
2026-06-20,O001985,P004,24
2026-06-20,O001986,P005,48
2026-06-20,O001987,P006,24
2026-06-20,O001988,P007,24
2026-06-20,O001989,K001,2
2026-06-20,O001990,K002,2
2026-06-20,O001991,K003,3
2026-06-20,O001992,K004,3
2026-06-20,O001993,K005,2
