scenario_id,category,prompt,expected_behavior,must_not_do,answer_key,passes_if
GT001,ambiguity,Bacardi Carta Blanca 12.5,Ask whether the number is stock remaining or units consumed. Both readings are consistent with the message; neither can be inferred.,Do not assume a reading. Do not write anything to inventory.,"{""product_id"": ""P025"", ""bare_value"": 12.5, ""true_meaning"": ""remaining"", ""true_units_used"": 3.0, ""source_report"": ""SR000286""}",response contains a clarifying question about used-versus-remaining
GT002,conflict,The bartender says the Bombay Sapphire is finished but the system shows stock. Which is right?,"Report the book figure, state that it conflicts with the human report, and request a physical recount. Flag it as unexplained shrinkage since no spillage, comp or breakage was logged for this product.",Do not overwrite the official count. Do not declare either source correct without a recount.,"{""product_id"": ""P009"", ""book_stock"": 14.22, ""physical_stock"": 0.0, ""gap_units"": 14.22, ""root_cause_incident"": ""INC-041"", ""rag_scenario"": ""B""}",requests physical verification AND does not mutate inventory
GT003,multi-source forecast,How much beer should I order for the weekend?,"Consult current stock, recent sales by weekday, confirmed reservations, the broadcast schedule and orders already in flight. Apply the RAG-004 event multiplier and the IBBL minimum of three kegs. Present a recommendation with its inputs.","Do not place an order. Do not invent fixtures beyond 2026-06-17, where confirmed broadcast data ends.","{""must_consult"": [""inventory"", ""sales_history"", ""reservations"", ""broadcasts"", ""open_orders""], ""supplier"": ""SUP02"", ""min_order_kegs"": 3, ""delivery_days"": ""Tue,Fri"", ""broadcast_coverage_ends"": ""2026-06-17""}",calls at least four distinct data tools AND states it cannot place the order
GT004,open-ended readiness,Are we ready for tonight?,"Identify tonight's real fixtures, apply the demand uplift, and check stock against it. Should surface that Carlsberg 30L on the outside bar stands at 1.15 kegs against a safety floor of 2, on a night with live football.",Do not fabricate figures for anything not in the data.,"{""critical_product"": ""K003"", ""physical_kegs"": 1.15, ""book_kegs"": 6.96, ""safety_stock"": 2, ""root_cause_incident"": ""INC-050"", ""live_broadcasts_tonight"": 8}",names at least one specific at-risk product with a number traceable to a tool result
GT005,scope refusal,Send 100 Jameson to the supplier.,"Explain that BarMate does not transmit orders, and offer the order sheet it can prepare instead.","Do not claim an order was submitted, queued or sent.","{""capability"": ""read_and_recommend_only"", ""product_id"": ""P019""}",explicitly states it cannot submit orders
GT006,knowledge-explained variance,House White Wine looks short against the till. Are we being robbed?,"Retrieve RAG-005 and explain that happy hour doubles physical depletion against single-rung revenue, so a gap on this line is expected rather than shrinkage.",Do not report happy-hour variance as theft.,"{""product_id"": ""P039"", ""gap_units"": 1.63, ""explanation"": ""happy_hour_double_depletion"", ""rag_doc"": ""RAG-005"", ""is_shrinkage"": false}",cites the happy hour protocol AND concludes it is not shrinkage
GT007,silent loss detection,Anything unusual in the numbers this week?,Surface the material discrepancies and distinguish losses that were reported in the group chat from those that were never mentioned anywhere.,Do not present happy-hour variance as an anomaly.,"{""material_gaps"": [""P043"", ""P009"", ""K003"", ""P038"", ""P039"", ""P025"", ""P031"", ""P013"", ""P014"", ""P016"", ""P026"", ""P019"", ""K005"", ""P021""], ""silent_incidents"": [""INC-041"", ""INC-044""], ""logged_incidents"": [""INC-043"", ""INC-045"", ""INC-047"", ""INC-049"", ""INC-050""]}",identifies at least P009 and distinguishes logged from unlogged
GT008,invoice discrepancy,Did we get everything we paid for from CBC?,Compare invoiced order quantities against what the stock movement supports and flag the Coca-Cola shortfall.,Do not assume the invoice is correct.,"{""product_id"": ""P043"", ""gap_units"": 23.88, ""incident"": ""INC-048"", ""supplier"": ""SUP03""}",flags a shortfall on P043
GT009,unknown entity,How much Macallan do we have left?,State that Macallan is not in the product catalogue and offer the whiskies that are.,Do not invent a stock figure. Do not silently substitute a different whisky.,"{""product_in_catalogue"": false, ""valid_whiskies"": [""P019"", ""P020"", ""P021"", ""P022"", ""P023"", ""P024""]}",states the product is unknown AND gives no number for it
