reservation_id,date,time,party_size,reservation_type,status
R000001,2025-09-01,19:00,6,regular,confirmed
R000002,2025-09-01,19:00,6,regular,confirmed
R000003,2025-09-01,18:30,4,regular,confirmed
R000004,2025-09-01,21:00,4,regular,confirmed
R000005,2025-09-01,20:00,2,regular,confirmed
R000006,2025-09-02,22:00,3,regular,confirmed
R000007,2025-09-02,21:00,5,regular,confirmed
R000008,2025-09-02,21:00,9,birthday,confirmed
R000009,2025-09-02,21:00,4,regular,confirmed
R000010,2025-09-02,20:00,2,regular,cancelled
R000011,2025-09-02,19:00,2,regular,confirmed
R000012,2025-09-02,21:00,2,regular,confirmed
R000013,2025-09-03,19:00,4,regular,confirmed
R000014,2025-09-03,21:00,4,regular,confirmed
R000015,2025-09-03,21:00,5,regular,confirmed
R000016,2025-09-03,22:00,5,regular,confirmed
R000017,2025-09-03,22:00,3,regular,confirmed
R000018,2025-09-03,21:00,5,regular,confirmed
R000019,2025-09-03,19:00,5,regular,confirmed
R000020,2025-09-04,20:00,4,regular,confirmed
R000021,2025-09-04,22:00,4,regular,confirmed
R000022,2025-09-04,18:30,14,large_group,confirmed
R000023,2025-09-04,22:00,4,regular,confirmed
R000024,2025-09-04,22:00,3,regular,confirmed
R000025,2025-09-04,19:00,4,regular,confirmed
R000026,2025-09-05,19:00,2,regular,confirmed
R000027,2025-09-05,21:00,2,regular,confirmed
R000028,2025-09-05,22:00,5,regular,confirmed
R000029,2025-09-05,18:30,4,regular,confirmed
R000030,2025-09-05,19:00,4,regular,confirmed
R000031,2025-09-05,20:30,4,regular,confirmed
R000032,2025-09-05,18:30,4,regular,confirmed
R000033,2025-09-06,22:00,4,regular,confirmed
R000034,2025-09-06,20:30,4,regular,confirmed
R000035,2025-09-06,22:00,6,regular,confirmed
R000036,2025-09-06,22:00,4,regular,confirmed
R000037,2025-09-06,20:00,2,regular,confirmed
R000038,2025-09-06,22:00,3,regular,confirmed
R000039,2025-09-06,20:30,12,birthday,confirmed
R000040,2025-09-06,21:00,2,regular,confirmed
R000041,2025-09-06,20:30,3,regular,confirmed
R000042,2025-09-06,20:00,6,regular,confirmed
R000043,2025-09-06,22:00,2,regular,cancelled
R000044,2025-09-06,22:00,2,regular,confirmed
R000045,2025-09-06,21:00,2,regular,confirmed
R000046,2025-09-07,21:00,2,regular,confirmed
R000047,2025-09-08,20:30,4,regular,confirmed
R000048,2025-09-08,20:00,2,regular,confirmed
R000049,2025-09-08,21:00,8,birthday,confirmed
R000050,2025-09-08,21:00,4,regular,confirmed
R000051,2025-09-08,22:00,2,regular,confirmed
R000052,2025-09-08,22:00,3,regular,confirmed
R000053,2025-09-09,21:00,5,regular,confirmed
R000054,2025-09-09,22:00,2,regular,confirmed
R000055,2025-09-09,22:00,4,regular,confirmed
R000056,2025-09-09,19:00,4,regular,confirmed
R000057,2025-09-09,20:30,4,regular,confirmed
R000058,2025-09-10,20:30,4,regular,confirmed
R000059,2025-09-10,22:00,4,regular,confirmed
R000060,2025-09-10,22:00,4,regular,confirmed
R000061,2025-09-10,22:00,2,regular,confirmed
R000062,2025-09-10,20:00,2,regular,confirmed
R000063,2025-09-10,20:30,4,regular,confirmed
R000064,2025-09-10,22:00,4,regular,confirmed
R000065,2025-09-10,22:00,2,regular,confirmed
R000066,2025-09-10,22:00,6,regular,confirmed
R000067,2025-09-11,20:00,17,large_group,confirmed
R000068,2025-09-11,22:00,2,regular,cancelled
R000069,2025-09-11,22:00,6,regular,confirmed
R000070,2025-09-11,19:00,5,regular,confirmed
R000071,2025-09-11,22:00,2,regular,confirmed
R000072,2025-09-11,22:00,6,regular,confirmed
R000073,2025-09-11,20:30,2,regular,confirmed
R000074,2025-09-11,18:30,4,regular,confirmed
R000075,2025-09-11,21:00,2,regular,confirmed
R000076,2025-09-12,22:00,4,regular,confirmed
R000077,2025-09-12,20:30,2,regular,confirmed
R000078,2025-09-12,20:30,4,regular,confirmed
R000079,2025-09-12,21:00,2,regular,confirmed
R000080,2025-09-12,21:00,6,regular,confirmed
R000081,2025-09-12,22:00,4,regular,cancelled
R000082,2025-09-12,19:00,4,regular,confirmed
R000083,2025-09-12,21:00,6,regular,confirmed
R000084,2025-09-12,22:00,4,regular,confirmed
R000085,2025-09-12,18:30,2,regular,confirmed
R000086,2025-09-12,22:00,4,regular,cancelled
R000087,2025-09-13,20:30,5,regular,confirmed
R000088,2025-09-13,22:00,4,regular,confirmed
R000089,2025-09-13,19:00,4,regular,confirmed
R000090,2025-09-13,22:00,10,birthday,confirmed
R000091,2025-09-13,20:30,6,regular,confirmed
R000092,2025-09-13,20:30,2,regular,confirmed
R000093,2025-09-13,22:00,3,regular,confirmed
R000094,2025-09-13,22:00,4,regular,confirmed
R000095,2025-09-14,18:30,2,regular,confirmed
R000096,2025-09-14,20:00,14,birthday,confirmed
R000097,2025-09-14,20:30,3,regular,confirmed
R000098,2025-09-14,18:30,4,regular,confirmed
R000099,2025-09-14,18:30,6,regular,confirmed
R000100,2025-09-14,21:00,4,regular,confirmed
R000101,2025-09-14,20:00,6,regular,confirmed
R000102,2025-09-15,21:00,5,regular,confirmed
R000103,2025-09-15,18:30,5,regular,confirmed
R000104,2025-09-16,21:00,4,regular,confirmed
R000105,2025-09-16,22:00,10,birthday,confirmed
R000106,2025-09-16,21:00,3,regular,confirmed
R000107,2025-09-16,19:00,2,regular,confirmed
R000108,2025-09-16,18:30,4,regular,confirmed
R000109,2025-09-16,19:00,6,regular,confirmed
R000110,2025-09-17,21:00,4,regular,confirmed
R000111,2025-09-17,18:30,2,regular,confirmed
R000112,2025-09-17,21:00,4,regular,confirmed
R000113,2025-09-17,20:00,2,regular,confirmed
R000114,2025-09-17,22:00,2,regular,confirmed
R000115,2025-09-17,18:30,5,regular,confirmed
R000116,2025-09-18,18:30,2,regular,confirmed
R000117,2025-09-18,22:00,6,regular,confirmed
R000118,2025-09-18,18:30,4,regular,confirmed
R000119,2025-09-18,22:00,6,regular,confirmed
R000120,2025-09-18,20:00,5,regular,cancelled
R000121,2025-09-18,22:00,2,regular,confirmed
R000122,2025-09-18,18:30,14,birthday,confirmed
R000123,2025-09-18,18:30,6,regular,confirmed
R000124,2025-09-18,19:00,3,regular,confirmed
R000125,2025-09-18,20:00,6,regular,confirmed
R000126,2025-09-18,20:00,4,regular,confirmed
R000127,2025-09-18,21:00,4,regular,confirmed
R000128,2025-09-19,21:00,2,regular,confirmed
R000129,2025-09-19,20:00,2,regular,confirmed
R000130,2025-09-19,18:30,4,regular,confirmed
R000131,2025-09-19,22:00,2,regular,confirmed
R000132,2025-09-19,18:30,4,regular,confirmed
R000133,2025-09-19,20:30,8,birthday,confirmed
R000134,2025-09-19,19:00,4,regular,confirmed
R000135,2025-09-19,18:30,2,regular,confirmed
R000136,2025-09-19,20:00,4,regular,confirmed
R000137,2025-09-19,20:30,6,regular,confirmed
R000138,2025-09-20,18:30,6,regular,confirmed
R000139,2025-09-20,19:00,4,regular,confirmed
R000140,2025-09-20,18:30,3,regular,confirmed
R000141,2025-09-20,21:00,2,regular,confirmed
R000142,2025-09-20,20:30,2,regular,cancelled
R000143,2025-09-20,20:00,4,regular,confirmed
R000144,2025-09-20,20:30,2,regular,confirmed
R000145,2025-09-20,20:00,15,birthday,confirmed
R000146,2025-09-20,18:30,5,regular,confirmed
R000147,2025-09-20,22:00,3,regular,confirmed
R000148,2025-09-21,21:00,6,regular,cancelled
R000149,2025-09-21,21:00,2,regular,confirmed
R000150,2025-09-21,21:00,5,regular,confirmed
R000151,2025-09-21,22:00,3,regular,confirmed
R000152,2025-09-21,21:00,2,regular,confirmed
R000153,2025-09-22,19:00,6,regular,confirmed
R000154,2025-09-22,21:00,2,regular,confirmed
R000155,2025-09-22,18:30,6,regular,confirmed
R000156,2025-09-23,20:00,2,regular,confirmed
R000157,2025-09-23,21:00,2,regular,confirmed
R000158,2025-09-23,19:00,3,regular,confirmed
R000159,2025-09-23,20:30,4,regular,confirmed
R000160,2025-09-23,22:00,6,regular,cancelled
R000161,2025-09-23,19:00,4,regular,confirmed
R000162,2025-09-23,21:00,5,regular,confirmed
R000163,2025-09-23,20:00,4,regular,confirmed
R000164,2025-09-23,20:30,4,regular,cancelled
R000165,2025-09-24,21:00,2,regular,confirmed
R000166,2025-09-24,21:00,6,regular,confirmed
R000167,2025-09-24,20:00,2,regular,confirmed
R000168,2025-09-24,19:00,2,regular,confirmed
R000169,2025-09-24,19:00,5,regular,confirmed
R000170,2025-09-25,20:30,6,regular,confirmed
R000171,2025-09-25,20:00,6,regular,confirmed
R000172,2025-09-25,19:00,6,regular,confirmed
R000173,2025-09-25,19:00,2,regular,confirmed
R000174,2025-09-25,20:30,4,regular,confirmed
R000175,2025-09-26,18:30,6,regular,confirmed
R000176,2025-09-26,20:30,6,regular,confirmed
R000177,2025-09-26,22:00,2,regular,confirmed
R000178,2025-09-26,20:30,22,large_group,confirmed
R000179,2025-09-26,21:00,5,regular,confirmed
R000180,2025-09-26,20:00,3,regular,confirmed
R000181,2025-09-26,18:30,3,regular,confirmed
R000182,2025-09-26,19:00,5,regular,confirmed
R000183,2025-09-26,21:00,6,regular,confirmed
R000184,2025-09-26,20:30,4,regular,confirmed
R000185,2025-09-26,19:00,2,regular,confirmed
R000186,2025-09-26,21:00,2,regular,confirmed
R000187,2025-09-27,19:00,5,regular,confirmed
R000188,2025-09-27,20:00,6,regular,confirmed
R000189,2025-09-27,21:00,4,regular,confirmed
R000190,2025-09-27,18:30,4,regular,confirmed
R000191,2025-09-27,21:00,5,regular,confirmed
R000192,2025-09-28,22:00,2,regular,confirmed
R000193,2025-09-28,20:00,2,regular,confirmed
R000194,2025-09-28,19:00,6,regular,confirmed
R000195,2025-09-28,20:30,12,birthday,confirmed
R000196,2025-09-28,21:00,2,regular,confirmed
R000197,2025-09-28,21:00,5,regular,confirmed
R000198,2025-09-29,21:00,2,regular,confirmed
R000199,2025-09-29,20:30,12,birthday,confirmed
R000200,2025-10-01,22:00,2,regular,confirmed
R000201,2025-10-01,19:00,6,regular,confirmed
R000202,2025-10-01,20:30,6,regular,confirmed
R000203,2025-10-01,22:00,4,regular,confirmed
R000204,2025-10-01,22:00,2,regular,cancelled
R000205,2025-10-02,18:30,4,regular,confirmed
R000206,2025-10-02,22:00,13,birthday,confirmed
R000207,2025-10-02,22:00,4,regular,cancelled
R000208,2025-10-02,20:00,2,regular,confirmed
R000209,2025-10-02,19:00,4,regular,cancelled
R000210,2025-10-02,18:30,4,regular,confirmed
R000211,2025-10-02,18:30,3,regular,confirmed
R000212,2025-10-02,18:30,4,regular,confirmed
R000213,2025-10-02,18:30,21,large_group,confirmed
R000214,2025-10-02,21:00,4,regular,confirmed
R000215,2025-10-02,21:00,15,birthday,confirmed
R000216,2025-10-03,20:00,46,private_event,confirmed
R000217,2025-10-03,20:00,5,regular,confirmed
R000218,2025-10-03,19:00,6,regular,confirmed
R000219,2025-10-03,22:00,4,regular,confirmed
R000220,2025-10-03,20:30,2,regular,cancelled
R000221,2025-10-03,19:00,16,birthday,confirmed
R000222,2025-10-03,22:00,3,regular,confirmed
R000223,2025-10-03,20:00,3,regular,confirmed
R000224,2025-10-03,20:00,2,regular,confirmed
R000225,2025-10-03,22:00,4,regular,confirmed
R000226,2025-10-03,20:30,3,regular,confirmed
R000227,2025-10-03,20:30,4,regular,confirmed
R000228,2025-10-03,21:00,4,regular,confirmed
R000229,2025-10-04,20:30,2,regular,confirmed
R000230,2025-10-04,20:00,2,regular,confirmed
R000231,2025-10-04,19:00,2,regular,confirmed
R000232,2025-10-04,20:30,6,regular,confirmed
R000233,2025-10-04,20:30,3,regular,confirmed
R000234,2025-10-04,20:30,3,regular,confirmed
R000235,2025-10-04,19:00,4,regular,confirmed
R000236,2025-10-04,20:30,6,regular,cancelled
R000237,2025-10-04,21:00,2,regular,confirmed
R000238,2025-10-04,20:00,2,regular,confirmed
R000239,2025-10-04,19:00,4,regular,confirmed
R000240,2025-10-04,20:30,4,regular,confirmed
R000241,2025-10-05,22:00,5,regular,confirmed
R000242,2025-10-05,18:30,5,regular,confirmed
R000243,2025-10-05,20:30,2,regular,confirmed
R000244,2025-10-06,20:00,9,birthday,confirmed
R000245,2025-10-06,22:00,40,private_event,confirmed
R000246,2025-10-06,20:30,5,regular,confirmed
R000247,2025-10-06,22:00,2,regular,confirmed
R000248,2025-10-07,20:00,6,regular,confirmed
R000249,2025-10-07,19:00,5,regular,confirmed
R000250,2025-10-08,21:00,15,birthday,confirmed
R000251,2025-10-08,20:30,2,regular,confirmed
R000252,2025-10-08,19:00,4,regular,confirmed
R000253,2025-10-09,20:30,2,regular,confirmed
R000254,2025-10-09,20:30,4,regular,confirmed
R000255,2025-10-09,18:30,2,regular,confirmed
R000256,2025-10-09,20:00,4,regular,confirmed
R000257,2025-10-09,22:00,25,large_group,confirmed
R000258,2025-10-09,18:30,2,regular,confirmed
R000259,2025-10-09,20:30,2,regular,cancelled
R000260,2025-10-09,20:00,5,regular,confirmed
R000261,2025-10-09,19:00,2,regular,confirmed
R000262,2025-10-09,20:30,2,regular,confirmed
R000263,2025-10-09,20:00,3,regular,confirmed
R000264,2025-10-09,22:00,2,regular,confirmed
R000265,2025-10-10,20:30,4,regular,confirmed
R000266,2025-10-10,19:00,2,regular,cancelled
R000267,2025-10-10,22:00,5,regular,cancelled
R000268,2025-10-10,18:30,4,regular,confirmed
R000269,2025-10-10,20:00,4,regular,confirmed
R000270,2025-10-10,18:30,6,regular,confirmed
R000271,2025-10-10,20:00,5,regular,confirmed
R000272,2025-10-10,20:30,4,regular,confirmed
R000273,2025-10-10,20:00,2,regular,confirmed
R000274,2025-10-10,19:00,3,regular,confirmed
R000275,2025-10-10,20:00,2,regular,confirmed
R000276,2025-10-10,21:00,2,regular,cancelled
R000277,2025-10-10,20:00,21,large_group,cancelled
R000278,2025-10-10,19:00,2,regular,confirmed
R000279,2025-10-11,20:00,3,regular,confirmed
R000280,2025-10-11,20:30,6,regular,confirmed
R000281,2025-10-11,22:00,6,regular,confirmed
R000282,2025-10-11,19:00,6,regular,confirmed
R000283,2025-10-11,21:00,2,regular,confirmed
R000284,2025-10-11,18:30,10,birthday,confirmed
R000285,2025-10-11,18:30,3,regular,confirmed
R000286,2025-10-12,19:00,11,birthday,confirmed
R000287,2025-10-12,22:00,6,regular,confirmed
R000288,2025-10-12,21:00,2,regular,confirmed
R000289,2025-10-12,21:00,2,regular,confirmed
R000290,2025-10-12,21:00,2,regular,confirmed
R000291,2025-10-12,20:30,4,regular,confirmed
R000292,2025-10-12,18:30,2,regular,confirmed
R000293,2025-10-13,22:00,3,regular,confirmed
R000294,2025-10-13,20:30,4,regular,confirmed
R000295,2025-10-13,20:00,5,regular,confirmed
R000296,2025-10-14,20:00,4,regular,confirmed
R000297,2025-10-14,22:00,4,regular,confirmed
R000298,2025-10-14,20:30,2,regular,confirmed
R000299,2025-10-15,20:30,6,regular,confirmed
R000300,2025-10-15,21:00,4,regular,confirmed
R000301,2025-10-15,20:30,5,regular,confirmed
R000302,2025-10-16,18:30,6,regular,confirmed
R000303,2025-10-16,22:00,12,large_group,confirmed
R000304,2025-10-16,20:30,4,regular,confirmed
R000305,2025-10-16,19:00,4,regular,confirmed
R000306,2025-10-16,19:00,41,private_event,confirmed
R000307,2025-10-16,22:00,3,regular,confirmed
R000308,2025-10-16,20:00,6,regular,confirmed
R000309,2025-10-16,20:30,17,large_group,confirmed
R000310,2025-10-16,20:30,6,regular,confirmed
R000311,2025-10-16,19:00,10,birthday,confirmed
R000312,2025-10-16,20:00,5,regular,confirmed
R000313,2025-10-16,22:00,2,regular,confirmed
R000314,2025-10-16,20:30,3,regular,confirmed
R000315,2025-10-17,19:00,3,regular,confirmed
R000316,2025-10-17,20:00,4,regular,confirmed
R000317,2025-10-17,22:00,2,regular,cancelled
R000318,2025-10-17,18:30,2,regular,confirmed
R000319,2025-10-17,18:30,3,regular,confirmed
R000320,2025-10-17,21:00,2,regular,confirmed
R000321,2025-10-17,21:00,6,regular,confirmed
R000322,2025-10-17,20:00,4,regular,confirmed
R000323,2025-10-17,19:00,6,regular,confirmed
R000324,2025-10-17,20:30,4,regular,confirmed
R000325,2025-10-17,21:00,4,regular,confirmed
R000326,2025-10-17,20:30,4,regular,confirmed
R000327,2025-10-17,18:30,4,regular,confirmed
R000328,2025-10-17,21:00,5,regular,confirmed
R000329,2025-10-17,21:00,4,regular,confirmed
R000330,2025-10-18,20:00,19,large_group,confirmed
R000331,2025-10-18,20:30,2,regular,confirmed
R000332,2025-10-18,20:30,2,regular,confirmed
R000333,2025-10-18,21:00,5,regular,confirmed
R000334,2025-10-18,21:00,6,regular,confirmed
R000335,2025-10-18,20:00,4,regular,confirmed
R000336,2025-10-18,20:00,2,regular,confirmed
R000337,2025-10-18,20:00,2,regular,confirmed
R000338,2025-10-18,21:00,5,regular,confirmed
R000339,2025-10-18,22:00,2,regular,confirmed
R000340,2025-10-18,20:00,4,regular,confirmed
R000341,2025-10-18,20:00,2,regular,confirmed
R000342,2025-10-19,19:00,3,regular,confirmed
R000343,2025-10-19,22:00,6,regular,confirmed
R000344,2025-10-20,20:30,2,regular,confirmed
R000345,2025-10-20,20:30,10,birthday,confirmed
R000346,2025-10-20,19:00,14,birthday,confirmed
R000347,2025-10-21,22:00,5,regular,confirmed
R000348,2025-10-21,21:00,4,regular,confirmed
R000349,2025-10-21,19:00,2,regular,confirmed
R000350,2025-10-21,19:00,6,regular,confirmed
R000351,2025-10-21,19:00,5,regular,confirmed
R000352,2025-10-21,19:00,4,regular,confirmed
R000353,2025-10-22,20:30,4,regular,confirmed
R000354,2025-10-22,21:00,4,regular,confirmed
R000355,2025-10-22,22:00,4,regular,confirmed
R000356,2025-10-23,18:30,5,regular,confirmed
R000357,2025-10-23,20:00,2,regular,confirmed
R000358,2025-10-23,20:00,6,regular,confirmed
R000359,2025-10-23,22:00,5,regular,confirmed
R000360,2025-10-23,19:00,15,birthday,confirmed
R000361,2025-10-23,20:00,4,regular,confirmed
R000362,2025-10-24,19:00,4,regular,confirmed
R000363,2025-10-24,20:00,6,regular,confirmed
R000364,2025-10-24,18:30,4,regular,confirmed
R000365,2025-10-24,19:00,2,regular,confirmed
R000366,2025-10-24,20:30,6,regular,confirmed
R000367,2025-10-24,19:00,6,regular,confirmed
R000368,2025-10-24,22:00,3,regular,confirmed
R000369,2025-10-24,20:30,5,regular,confirmed
R000370,2025-10-24,20:00,6,regular,confirmed
R000371,2025-10-24,22:00,6,regular,confirmed
R000372,2025-10-25,21:00,25,large_group,confirmed
R000373,2025-10-25,20:30,6,regular,confirmed
R000374,2025-10-25,19:00,2,regular,confirmed
R000375,2025-10-25,20:00,6,regular,confirmed
R000376,2025-10-25,20:00,11,birthday,confirmed
R000377,2025-10-25,18:30,2,regular,confirmed
R000378,2025-10-25,22:00,6,regular,confirmed
R000379,2025-10-25,19:00,4,regular,confirmed
R000380,2025-10-25,20:30,4,regular,confirmed
R000381,2025-10-25,20:30,2,regular,confirmed
R000382,2025-10-25,20:00,4,regular,confirmed
R000383,2025-10-25,21:00,2,regular,confirmed
R000384,2025-10-25,22:00,6,regular,confirmed
R000385,2025-10-25,19:00,3,regular,confirmed
R000386,2025-10-25,21:00,10,birthday,confirmed
R000387,2025-10-26,18:30,2,regular,confirmed
R000388,2025-10-26,20:30,6,regular,confirmed
R000389,2025-10-26,18:30,4,regular,confirmed
R000390,2025-10-26,22:00,4,regular,confirmed
R000391,2025-10-26,22:00,3,regular,confirmed
R000392,2025-10-26,18:30,5,regular,confirmed
R000393,2025-10-26,20:30,3,regular,confirmed
R000394,2025-10-27,21:00,2,regular,confirmed
R000395,2025-10-27,18:30,6,regular,confirmed
R000396,2025-10-27,18:30,3,regular,confirmed
R000397,2025-10-27,20:30,23,large_group,confirmed
R000398,2025-10-28,20:30,2,regular,confirmed
R000399,2025-10-28,21:00,15,birthday,confirmed
R000400,2025-10-28,21:00,2,regular,confirmed
R000401,2025-10-29,20:00,2,regular,confirmed
R000402,2025-10-29,20:30,5,regular,cancelled
R000403,2025-10-29,19:00,41,private_event,confirmed
R000404,2025-10-29,21:00,2,regular,confirmed
R000405,2025-10-29,19:00,4,regular,confirmed
R000406,2025-10-29,19:00,4,regular,confirmed
R000407,2025-10-29,21:00,16,large_group,confirmed
R000408,2025-10-29,19:00,12,large_group,confirmed
R000409,2025-10-30,18:30,2,regular,confirmed
R000410,2025-10-30,18:30,2,regular,cancelled
R000411,2025-10-30,19:00,2,regular,confirmed
R000412,2025-10-30,20:30,6,regular,confirmed
R000413,2025-10-30,22:00,2,regular,confirmed
R000414,2025-10-30,20:00,3,regular,confirmed
R000415,2025-10-30,22:00,17,large_group,confirmed
R000416,2025-10-30,20:30,6,regular,confirmed
R000417,2025-10-30,22:00,3,regular,confirmed
R000418,2025-10-30,22:00,4,regular,confirmed
R000419,2025-10-30,19:00,3,regular,confirmed
R000420,2025-10-31,18:30,5,regular,confirmed
R000421,2025-10-31,20:30,2,regular,confirmed
R000422,2025-10-31,21:00,5,regular,confirmed
R000423,2025-10-31,21:00,5,regular,confirmed
R000424,2025-10-31,22:00,2,regular,confirmed
R000425,2025-10-31,19:00,2,regular,confirmed
R000426,2025-10-31,20:30,3,regular,confirmed
R000427,2025-10-31,19:00,20,large_group,cancelled
R000428,2025-10-31,20:30,2,regular,confirmed
R000429,2025-10-31,20:00,13,birthday,confirmed
R000430,2025-11-01,19:00,6,regular,confirmed
R000431,2025-11-01,22:00,4,regular,confirmed
R000432,2025-11-01,20:00,2,regular,confirmed
R000433,2025-11-01,20:00,6,regular,confirmed
R000434,2025-11-01,21:00,5,regular,confirmed
R000435,2025-11-01,18:30,2,regular,confirmed
R000436,2025-11-01,19:00,4,regular,confirmed
R000437,2025-11-01,20:00,4,regular,confirmed
R000438,2025-11-01,22:00,4,regular,confirmed
R000439,2025-11-01,22:00,4,regular,cancelled
R000440,2025-11-01,19:00,3,regular,confirmed
R000441,2025-11-02,22:00,2,regular,confirmed
R000442,2025-11-02,20:00,6,regular,confirmed
R000443,2025-11-02,21:00,4,regular,confirmed
R000444,2025-11-02,20:00,4,regular,cancelled
R000445,2025-11-02,20:30,4,regular,confirmed
R000446,2025-11-02,20:00,4,regular,confirmed
R000447,2025-11-03,21:00,4,regular,confirmed
R000448,2025-11-03,22:00,5,regular,confirmed
R000449,2025-11-03,18:30,2,regular,confirmed
R000450,2025-11-03,19:00,2,regular,confirmed
R000451,2025-11-03,18:30,4,regular,confirmed
R000452,2025-11-03,22:00,2,regular,confirmed
R000453,2025-11-03,21:00,3,regular,cancelled
R000454,2025-11-03,21:00,3,regular,confirmed
R000455,2025-11-03,20:30,4,regular,confirmed
R000456,2025-11-04,20:00,2,regular,confirmed
R000457,2025-11-04,18:30,2,regular,confirmed
R000458,2025-11-04,20:30,10,birthday,confirmed
R000459,2025-11-04,22:00,4,regular,confirmed
R000460,2025-11-04,22:00,6,regular,confirmed
R000461,2025-11-04,21:00,10,birthday,confirmed
R000462,2025-11-05,21:00,2,regular,confirmed
R000463,2025-11-05,18:30,5,regular,confirmed
R000464,2025-11-05,22:00,3,regular,cancelled
R000465,2025-11-05,22:00,2,regular,confirmed
R000466,2025-11-05,20:00,9,birthday,confirmed
R000467,2025-11-05,18:30,2,regular,cancelled
R000468,2025-11-06,19:00,2,regular,confirmed
R000469,2025-11-06,18:30,2,regular,confirmed
R000470,2025-11-06,19:00,4,regular,cancelled
R000471,2025-11-06,20:30,4,regular,confirmed
R000472,2025-11-06,19:00,5,regular,confirmed
R000473,2025-11-06,18:30,6,regular,confirmed
R000474,2025-11-07,22:00,4,regular,confirmed
R000475,2025-11-07,20:00,2,regular,confirmed
R000476,2025-11-07,18:30,2,regular,confirmed
R000477,2025-11-07,19:00,5,regular,confirmed
R000478,2025-11-07,20:30,4,regular,confirmed
R000479,2025-11-07,20:30,4,regular,confirmed
R000480,2025-11-07,18:30,10,birthday,confirmed
R000481,2025-11-08,21:00,2,regular,confirmed
R000482,2025-11-08,20:00,2,regular,confirmed
R000483,2025-11-08,20:30,6,regular,confirmed
R000484,2025-11-08,22:00,3,regular,cancelled
R000485,2025-11-08,21:00,2,regular,confirmed
R000486,2025-11-08,22:00,4,regular,confirmed
R000487,2025-11-08,19:00,5,regular,confirmed
R000488,2025-11-08,21:00,4,regular,confirmed
R000489,2025-11-08,20:00,4,regular,confirmed
R000490,2025-11-08,20:30,6,regular,confirmed
R000491,2025-11-09,22:00,3,regular,confirmed
R000492,2025-11-09,20:00,2,regular,confirmed
R000493,2025-11-09,19:00,4,regular,confirmed
R000494,2025-11-09,21:00,4,regular,confirmed
R000495,2025-11-09,21:00,5,regular,confirmed
R000496,2025-11-09,20:00,5,regular,confirmed
R000497,2025-11-11,21:00,2,regular,confirmed
R000498,2025-11-11,21:00,6,regular,confirmed
R000499,2025-11-11,21:00,3,regular,confirmed
R000500,2025-11-11,20:00,9,birthday,confirmed
R000501,2025-11-12,22:00,2,regular,cancelled
R000502,2025-11-13,20:30,2,regular,confirmed
R000503,2025-11-13,20:30,3,regular,confirmed
R000504,2025-11-13,20:30,3,regular,confirmed
R000505,2025-11-13,20:00,2,regular,confirmed
R000506,2025-11-13,19:00,4,regular,confirmed
R000507,2025-11-13,20:30,2,regular,confirmed
R000508,2025-11-13,22:00,4,regular,confirmed
R000509,2025-11-13,20:30,4,regular,confirmed
R000510,2025-11-14,21:00,3,regular,confirmed
R000511,2025-11-14,20:00,6,regular,confirmed
R000512,2025-11-14,20:00,2,regular,confirmed
R000513,2025-11-14,18:30,4,regular,confirmed
R000514,2025-11-14,19:00,4,regular,confirmed
R000515,2025-11-14,20:30,4,regular,confirmed
R000516,2025-11-14,21:00,6,regular,confirmed
R000517,2025-11-14,21:00,3,regular,confirmed
R000518,2025-11-14,18:30,6,regular,confirmed
R000519,2025-11-14,18:30,4,regular,cancelled
R000520,2025-11-14,21:00,3,regular,confirmed
R000521,2025-11-14,21:00,4,regular,confirmed
R000522,2025-11-14,18:30,4,regular,confirmed
R000523,2025-11-14,20:30,2,regular,confirmed
R000524,2025-11-14,20:30,2,regular,confirmed
R000525,2025-11-15,19:00,5,regular,confirmed
R000526,2025-11-15,20:00,5,regular,confirmed
R000527,2025-11-15,18:30,5,regular,confirmed
R000528,2025-11-15,22:00,2,regular,cancelled
R000529,2025-11-15,21:00,2,regular,confirmed
R000530,2025-11-15,21:00,22,large_group,confirmed
R000531,2025-11-15,22:00,4,regular,confirmed
R000532,2025-11-15,20:30,2,regular,cancelled
R000533,2025-11-15,20:00,2,regular,confirmed
R000534,2025-11-15,20:00,2,regular,confirmed
R000535,2025-11-15,20:00,18,large_group,confirmed
R000536,2025-11-15,20:30,5,regular,confirmed
R000537,2025-11-16,20:30,4,regular,confirmed
R000538,2025-11-16,18:30,2,regular,confirmed
R000539,2025-11-16,19:00,4,regular,confirmed
R000540,2025-11-16,21:00,3,regular,confirmed
R000541,2025-11-16,22:00,9,birthday,confirmed
R000542,2025-11-16,21:00,3,regular,confirmed
R000543,2025-11-16,22:00,4,regular,confirmed
R000544,2025-11-17,18:30,6,regular,confirmed
R000545,2025-11-17,22:00,4,regular,confirmed
R000546,2025-11-17,22:00,3,regular,confirmed
R000547,2025-11-17,20:30,2,regular,confirmed
R000548,2025-11-17,21:00,2,regular,cancelled
R000549,2025-11-17,22:00,8,birthday,cancelled
R000550,2025-11-18,18:30,2,regular,confirmed
R000551,2025-11-18,20:30,4,regular,confirmed
R000552,2025-11-18,20:30,4,regular,confirmed
R000553,2025-11-19,22:00,3,regular,confirmed
R000554,2025-11-19,20:30,2,regular,confirmed
R000555,2025-11-20,20:00,2,regular,confirmed
R000556,2025-11-20,20:30,5,regular,confirmed
R000557,2025-11-20,18:30,4,regular,confirmed
R000558,2025-11-20,20:00,2,regular,confirmed
R000559,2025-11-20,21:00,5,regular,confirmed
R000560,2025-11-20,22:00,12,birthday,confirmed
R000561,2025-11-20,21:00,6,regular,confirmed
R000562,2025-11-20,22:00,2,regular,confirmed
R000563,2025-11-20,18:30,2,regular,confirmed
R000564,2025-11-20,20:30,14,birthday,confirmed
R000565,2025-11-21,18:30,4,regular,confirmed
R000566,2025-11-21,22:00,2,regular,confirmed
R000567,2025-11-21,22:00,4,regular,cancelled
R000568,2025-11-21,20:00,11,birthday,confirmed
R000569,2025-11-21,21:00,5,regular,confirmed
R000570,2025-11-21,18:30,4,regular,confirmed
R000571,2025-11-21,21:00,4,regular,confirmed
R000572,2025-11-21,20:30,5,regular,confirmed
R000573,2025-11-21,20:30,2,regular,confirmed
R000574,2025-11-21,20:00,4,regular,confirmed
R000575,2025-11-21,21:00,14,large_group,confirmed
R000576,2025-11-21,22:00,5,regular,confirmed
R000577,2025-11-21,18:30,5,regular,confirmed
R000578,2025-11-21,21:00,2,regular,confirmed
R000579,2025-11-21,22:00,4,regular,confirmed
R000580,2025-11-21,22:00,13,birthday,confirmed
R000581,2025-11-22,20:30,4,regular,confirmed
R000582,2025-11-22,21:00,4,regular,confirmed
R000583,2025-11-22,19:00,3,regular,confirmed
R000584,2025-11-22,21:00,4,regular,confirmed
R000585,2025-11-22,18:30,5,regular,confirmed
R000586,2025-11-22,20:30,3,regular,confirmed
R000587,2025-11-22,19:00,2,regular,confirmed
R000588,2025-11-22,18:30,11,birthday,cancelled
R000589,2025-11-22,18:30,4,regular,confirmed
R000590,2025-11-22,20:00,4,regular,confirmed
R000591,2025-11-23,20:00,2,regular,confirmed
R000592,2025-11-23,20:00,14,birthday,confirmed
R000593,2025-11-24,21:00,2,regular,confirmed
R000594,2025-11-24,20:00,2,regular,confirmed
R000595,2025-11-24,20:30,30,private_event,confirmed
R000596,2025-11-25,19:00,9,birthday,confirmed
R000597,2025-11-25,20:30,6,regular,confirmed
R000598,2025-11-25,20:30,6,regular,confirmed
R000599,2025-11-25,18:30,3,regular,confirmed
R000600,2025-11-26,20:30,2,regular,confirmed
R000601,2025-11-26,20:30,6,regular,confirmed
R000602,2025-11-27,18:30,5,regular,confirmed
R000603,2025-11-27,18:30,4,regular,confirmed
R000604,2025-11-27,18:30,3,regular,confirmed
R000605,2025-11-27,22:00,2,regular,confirmed
R000606,2025-11-27,19:00,6,regular,confirmed
R000607,2025-11-27,21:00,2,regular,confirmed
R000608,2025-11-27,20:30,2,regular,confirmed
R000609,2025-11-27,20:30,2,regular,confirmed
R000610,2025-11-27,20:00,4,regular,confirmed
R000611,2025-11-27,20:30,6,regular,confirmed
R000612,2025-11-27,19:00,5,regular,confirmed
R000613,2025-11-28,20:00,5,regular,confirmed
R000614,2025-11-28,20:00,2,regular,confirmed
R000615,2025-11-28,21:00,2,regular,confirmed
R000616,2025-11-28,21:00,10,birthday,confirmed
R000617,2025-11-28,18:30,13,birthday,confirmed
R000618,2025-11-28,19:00,2,regular,confirmed
R000619,2025-11-28,21:00,2,regular,confirmed
R000620,2025-11-28,20:30,4,regular,confirmed
R000621,2025-11-28,19:00,2,regular,confirmed
R000622,2025-11-28,19:00,2,regular,cancelled
R000623,2025-11-28,18:30,6,regular,cancelled
R000624,2025-11-28,18:30,4,regular,confirmed
R000625,2025-11-28,20:30,5,regular,confirmed
R000626,2025-11-29,20:30,6,regular,confirmed
R000627,2025-11-29,20:00,5,regular,confirmed
R000628,2025-11-29,22:00,6,regular,confirmed
R000629,2025-11-29,20:30,5,regular,confirmed
R000630,2025-11-29,20:30,6,regular,confirmed
R000631,2025-11-29,19:00,2,regular,confirmed
R000632,2025-11-29,19:00,6,regular,confirmed
R000633,2025-11-29,18:30,6,regular,confirmed
R000634,2025-11-29,19:00,6,regular,confirmed
R000635,2025-11-29,21:00,53,private_event,confirmed
R000636,2025-11-29,20:00,4,regular,confirmed
R000637,2025-11-29,19:00,5,regular,confirmed
R000638,2025-11-30,21:00,4,regular,cancelled
R000639,2025-11-30,19:00,3,regular,confirmed
R000640,2025-11-30,20:30,2,regular,confirmed
R000641,2025-11-30,20:30,5,regular,confirmed
R000642,2025-11-30,21:00,3,regular,confirmed
R000643,2025-12-01,20:30,5,regular,confirmed
R000644,2025-12-01,19:00,6,regular,confirmed
R000645,2025-12-01,21:00,6,regular,confirmed
R000646,2025-12-01,21:00,6,regular,confirmed
R000647,2025-12-01,21:00,5,regular,confirmed
R000648,2025-12-01,22:00,6,regular,confirmed
R000649,2025-12-01,20:30,2,regular,confirmed
R000650,2025-12-02,21:00,2,regular,confirmed
R000651,2025-12-02,18:30,4,regular,confirmed
R000652,2025-12-02,19:00,5,regular,confirmed
R000653,2025-12-02,21:00,6,regular,confirmed
R000654,2025-12-02,20:00,2,regular,confirmed
R000655,2025-12-02,18:30,6,regular,confirmed
R000656,2025-12-03,18:30,6,regular,confirmed
R000657,2025-12-03,18:30,2,regular,confirmed
R000658,2025-12-03,22:00,3,regular,confirmed
R000659,2025-12-04,22:00,39,private_event,confirmed
R000660,2025-12-04,19:00,3,regular,confirmed
R000661,2025-12-04,21:00,13,birthday,confirmed
R000662,2025-12-04,20:00,52,private_event,confirmed
R000663,2025-12-04,21:00,11,birthday,confirmed
R000664,2025-12-04,21:00,2,regular,confirmed
R000665,2025-12-04,22:00,22,large_group,confirmed
R000666,2025-12-04,19:00,6,regular,confirmed
R000667,2025-12-04,20:00,4,regular,confirmed
R000668,2025-12-04,21:00,26,large_group,confirmed
R000669,2025-12-04,21:00,2,regular,confirmed
R000670,2025-12-04,22:00,6,regular,confirmed
R000671,2025-12-04,21:00,4,regular,confirmed
R000672,2025-12-04,22:00,3,regular,confirmed
R000673,2025-12-04,18:30,2,regular,confirmed
R000674,2025-12-04,20:30,13,birthday,confirmed
R000675,2025-12-05,22:00,3,regular,cancelled
R000676,2025-12-05,18:30,3,regular,cancelled
R000677,2025-12-05,20:30,4,regular,confirmed
R000678,2025-12-05,20:30,2,regular,confirmed
R000679,2025-12-05,18:30,4,regular,confirmed
R000680,2025-12-05,18:30,2,regular,confirmed
R000681,2025-12-05,20:00,2,regular,confirmed
R000682,2025-12-05,19:00,4,regular,confirmed
R000683,2025-12-05,19:00,2,regular,confirmed
R000684,2025-12-05,19:00,4,regular,confirmed
R000685,2025-12-05,20:00,2,regular,confirmed
R000686,2025-12-05,22:00,2,regular,confirmed
R000687,2025-12-05,19:00,2,regular,confirmed
R000688,2025-12-05,20:00,4,regular,confirmed
R000689,2025-12-06,21:00,4,regular,confirmed
R000690,2025-12-06,22:00,16,birthday,confirmed
R000691,2025-12-06,20:30,2,regular,confirmed
R000692,2025-12-06,21:00,4,regular,confirmed
R000693,2025-12-06,20:00,6,regular,confirmed
R000694,2025-12-06,22:00,8,birthday,confirmed
R000695,2025-12-06,20:30,3,regular,confirmed
R000696,2025-12-06,22:00,2,regular,confirmed
R000697,2025-12-06,20:00,4,regular,confirmed
R000698,2025-12-06,18:30,6,regular,confirmed
R000699,2025-12-07,21:00,4,regular,confirmed
R000700,2025-12-07,18:30,4,regular,cancelled
R000701,2025-12-07,19:00,12,large_group,confirmed
R000702,2025-12-07,19:00,2,regular,confirmed
R000703,2025-12-08,19:00,2,regular,confirmed
R000704,2025-12-08,21:00,2,regular,confirmed
R000705,2025-12-08,20:30,12,large_group,cancelled
R000706,2025-12-08,21:00,4,regular,confirmed
R000707,2025-12-08,20:30,2,regular,confirmed
R000708,2025-12-09,21:00,2,regular,confirmed
R000709,2025-12-09,20:00,6,regular,confirmed
R000710,2025-12-09,21:00,2,regular,confirmed
R000711,2025-12-09,20:00,3,regular,confirmed
R000712,2025-12-10,22:00,2,regular,confirmed
R000713,2025-12-10,19:00,2,regular,confirmed
R000714,2025-12-10,18:30,4,regular,confirmed
R000715,2025-12-10,20:00,21,large_group,confirmed
R000716,2025-12-10,19:00,3,regular,confirmed
R000717,2025-12-10,20:00,6,regular,confirmed
R000718,2025-12-10,19:00,5,regular,confirmed
R000719,2025-12-10,21:00,5,regular,confirmed
R000720,2025-12-10,18:30,4,regular,cancelled
R000721,2025-12-11,20:00,46,private_event,confirmed
R000722,2025-12-11,19:00,3,regular,confirmed
R000723,2025-12-11,19:00,5,regular,confirmed
R000724,2025-12-11,20:00,3,regular,confirmed
R000725,2025-12-11,18:30,4,regular,confirmed
R000726,2025-12-11,20:30,3,regular,confirmed
R000727,2025-12-11,21:00,2,regular,confirmed
R000728,2025-12-11,21:00,2,regular,confirmed
R000729,2025-12-11,21:00,5,regular,confirmed
R000730,2025-12-11,19:00,2,regular,confirmed
R000731,2025-12-11,19:00,2,regular,confirmed
R000732,2025-12-11,19:00,6,regular,confirmed
R000733,2025-12-12,18:30,2,regular,confirmed
R000734,2025-12-12,22:00,4,regular,confirmed
R000735,2025-12-12,19:00,2,regular,confirmed
R000736,2025-12-12,18:30,27,private_event,confirmed
R000737,2025-12-12,21:00,2,regular,confirmed
R000738,2025-12-12,21:00,6,regular,cancelled
R000739,2025-12-12,22:00,4,regular,confirmed
R000740,2025-12-12,18:30,5,regular,confirmed
R000741,2025-12-12,19:00,2,regular,confirmed
R000742,2025-12-12,20:00,16,birthday,confirmed
R000743,2025-12-12,20:30,10,birthday,confirmed
R000744,2025-12-12,20:00,28,private_event,confirmed
R000745,2025-12-12,18:30,15,birthday,confirmed
R000746,2025-12-12,20:30,5,regular,confirmed
R000747,2025-12-12,19:00,5,regular,confirmed
R000748,2025-12-12,18:30,12,birthday,confirmed
R000749,2025-12-13,20:00,4,regular,confirmed
R000750,2025-12-13,21:00,4,regular,confirmed
R000751,2025-12-13,21:00,3,regular,confirmed
R000752,2025-12-13,18:30,4,regular,confirmed
R000753,2025-12-13,18:30,15,birthday,confirmed
R000754,2025-12-13,19:00,4,regular,confirmed
R000755,2025-12-13,18:30,4,regular,confirmed
R000756,2025-12-13,20:00,3,regular,cancelled
R000757,2025-12-14,20:30,6,regular,confirmed
R000758,2025-12-14,22:00,2,regular,confirmed
R000759,2025-12-14,20:00,5,regular,confirmed
R000760,2025-12-14,20:30,5,regular,confirmed
R000761,2025-12-14,18:30,2,regular,confirmed
R000762,2025-12-14,19:00,3,regular,confirmed
R000763,2025-12-14,22:00,12,birthday,confirmed
R000764,2025-12-15,20:00,2,regular,cancelled
R000765,2025-12-15,20:30,4,regular,cancelled
R000766,2025-12-15,20:30,15,birthday,confirmed
R000767,2025-12-15,19:00,6,regular,confirmed
R000768,2025-12-16,20:30,2,regular,confirmed
R000769,2025-12-16,19:00,4,regular,confirmed
R000770,2025-12-16,21:00,3,regular,cancelled
R000771,2025-12-16,19:00,22,large_group,confirmed
R000772,2025-12-17,21:00,4,regular,confirmed
R000773,2025-12-17,20:30,2,regular,confirmed
R000774,2025-12-17,22:00,2,regular,confirmed
R000775,2025-12-17,21:00,3,regular,confirmed
R000776,2025-12-18,20:00,5,regular,confirmed
R000777,2025-12-18,22:00,3,regular,confirmed
R000778,2025-12-18,19:00,2,regular,confirmed
R000779,2025-12-18,22:00,4,regular,confirmed
R000780,2025-12-18,18:30,5,regular,confirmed
R000781,2025-12-19,20:00,4,regular,confirmed
R000782,2025-12-19,22:00,12,birthday,confirmed
R000783,2025-12-19,20:00,15,birthday,confirmed
R000784,2025-12-19,18:30,6,regular,confirmed
R000785,2025-12-19,21:00,4,regular,confirmed
R000786,2025-12-19,18:30,5,regular,confirmed
R000787,2025-12-19,18:30,2,regular,cancelled
R000788,2025-12-19,19:00,2,regular,confirmed
R000789,2025-12-19,21:00,16,birthday,confirmed
R000790,2025-12-20,22:00,23,large_group,confirmed
R000791,2025-12-20,18:30,5,regular,confirmed
R000792,2025-12-20,20:00,4,regular,confirmed
R000793,2025-12-20,21:00,5,regular,confirmed
R000794,2025-12-20,18:30,3,regular,confirmed
R000795,2025-12-20,22:00,4,regular,confirmed
R000796,2025-12-21,21:00,2,regular,confirmed
R000797,2025-12-21,21:00,4,regular,confirmed
R000798,2025-12-21,22:00,4,regular,confirmed
R000799,2025-12-21,22:00,4,regular,confirmed
R000800,2025-12-21,20:30,3,regular,confirmed
R000801,2025-12-21,20:00,2,regular,confirmed
R000802,2025-12-21,20:30,2,regular,confirmed
R000803,2025-12-21,22:00,2,regular,confirmed
R000804,2025-12-22,21:00,4,regular,cancelled
R000805,2025-12-22,20:30,2,regular,confirmed
R000806,2025-12-22,21:00,5,regular,confirmed
R000807,2025-12-22,22:00,4,regular,confirmed
R000808,2025-12-22,18:30,2,regular,confirmed
R000809,2025-12-23,20:00,6,regular,confirmed
R000810,2025-12-23,18:30,6,regular,confirmed
R000811,2025-12-23,18:30,6,regular,confirmed
R000812,2025-12-23,20:00,4,regular,confirmed
R000813,2025-12-23,20:00,2,regular,confirmed
R000814,2025-12-23,20:30,15,birthday,confirmed
R000815,2025-12-24,21:00,5,regular,confirmed
R000816,2025-12-24,20:00,15,birthday,confirmed
R000817,2025-12-24,22:00,2,regular,confirmed
R000818,2025-12-24,21:00,3,regular,confirmed
R000819,2025-12-24,20:30,2,regular,confirmed
R000820,2025-12-24,20:00,6,regular,confirmed
R000821,2025-12-25,18:30,13,birthday,confirmed
R000822,2025-12-25,22:00,4,regular,confirmed
R000823,2025-12-25,21:00,3,regular,confirmed
R000824,2025-12-25,20:00,2,regular,confirmed
R000825,2025-12-25,20:00,6,regular,confirmed
R000826,2025-12-25,19:00,3,regular,confirmed
R000827,2025-12-25,20:00,2,regular,confirmed
R000828,2025-12-25,22:00,12,birthday,confirmed
R000829,2025-12-26,22:00,4,regular,cancelled
R000830,2025-12-26,20:00,4,regular,confirmed
R000831,2025-12-26,21:00,5,regular,cancelled
R000832,2025-12-26,18:30,3,regular,confirmed
R000833,2025-12-26,22:00,2,regular,confirmed
R000834,2025-12-26,21:00,4,regular,confirmed
R000835,2025-12-26,19:00,6,regular,confirmed
R000836,2025-12-26,20:00,5,regular,confirmed
R000837,2025-12-26,20:30,4,regular,confirmed
R000838,2025-12-26,21:00,4,regular,confirmed
R000839,2025-12-26,22:00,4,regular,confirmed
R000840,2025-12-27,22:00,2,regular,confirmed
R000841,2025-12-27,21:00,2,regular,confirmed
R000842,2025-12-27,21:00,4,regular,confirmed
R000843,2025-12-27,21:00,6,regular,confirmed
R000844,2025-12-27,20:00,3,regular,confirmed
R000845,2025-12-27,19:00,2,regular,confirmed
R000846,2025-12-27,22:00,2,regular,confirmed
R000847,2025-12-27,19:00,3,regular,confirmed
R000848,2025-12-27,22:00,2,regular,confirmed
R000849,2025-12-28,22:00,2,regular,confirmed
R000850,2025-12-28,19:00,55,private_event,confirmed
R000851,2025-12-28,20:30,4,regular,cancelled
R000852,2025-12-28,20:30,4,regular,confirmed
R000853,2025-12-28,19:00,5,regular,cancelled
R000854,2025-12-28,19:00,4,regular,confirmed
R000855,2025-12-28,19:00,6,regular,confirmed
R000856,2025-12-28,19:00,19,large_group,confirmed
R000857,2025-12-29,22:00,3,regular,confirmed
R000858,2025-12-29,19:00,15,birthday,confirmed
R000859,2025-12-30,19:00,2,regular,confirmed
R000860,2025-12-30,20:30,4,regular,confirmed
R000861,2025-12-30,22:00,5,regular,confirmed
R000862,2025-12-30,19:00,3,regular,confirmed
R000863,2025-12-31,21:00,4,regular,confirmed
R000864,2025-12-31,22:00,5,regular,confirmed
R000865,2025-12-31,18:30,3,regular,confirmed
R000866,2025-12-31,19:00,2,regular,confirmed
R000867,2025-12-31,19:00,5,regular,confirmed
R000868,2025-12-31,20:00,3,regular,cancelled
R000869,2025-12-31,19:00,3,regular,confirmed
R000870,2025-12-31,22:00,6,regular,confirmed
R000871,2025-12-31,19:00,3,regular,confirmed
R000872,2026-01-01,18:30,14,birthday,confirmed
R000873,2026-01-01,18:30,2,regular,confirmed
R000874,2026-01-01,18:30,3,regular,confirmed
R000875,2026-01-01,20:00,2,regular,confirmed
R000876,2026-01-01,19:00,2,regular,confirmed
R000877,2026-01-01,18:30,6,regular,confirmed
R000878,2026-01-01,19:00,2,regular,confirmed
R000879,2026-01-02,20:00,3,regular,confirmed
R000880,2026-01-02,21:00,4,regular,confirmed
R000881,2026-01-02,21:00,10,birthday,cancelled
R000882,2026-01-02,20:30,2,regular,confirmed
R000883,2026-01-02,20:00,4,regular,confirmed
R000884,2026-01-02,21:00,4,regular,confirmed
R000885,2026-01-02,20:00,2,regular,confirmed
R000886,2026-01-02,18:30,5,regular,confirmed
R000887,2026-01-02,22:00,4,regular,confirmed
R000888,2026-01-02,22:00,2,regular,confirmed
R000889,2026-01-03,22:00,6,regular,confirmed
R000890,2026-01-03,21:00,3,regular,confirmed
R000891,2026-01-03,21:00,3,regular,cancelled
R000892,2026-01-03,18:30,4,regular,confirmed
R000893,2026-01-03,18:30,4,regular,confirmed
R000894,2026-01-03,22:00,4,regular,confirmed
R000895,2026-01-03,21:00,2,regular,confirmed
R000896,2026-01-03,22:00,5,regular,confirmed
R000897,2026-01-03,18:30,6,regular,confirmed
R000898,2026-01-03,21:00,3,regular,confirmed
R000899,2026-01-03,18:30,2,regular,confirmed
R000900,2026-01-04,19:00,3,regular,confirmed
R000901,2026-01-04,20:30,2,regular,confirmed
R000902,2026-01-04,20:30,8,birthday,confirmed
R000903,2026-01-05,21:00,2,regular,confirmed
R000904,2026-01-05,20:30,6,regular,confirmed
R000905,2026-01-05,19:00,5,regular,confirmed
R000906,2026-01-05,20:30,5,regular,confirmed
R000907,2026-01-05,18:30,2,regular,confirmed
R000908,2026-01-06,22:00,3,regular,confirmed
R000909,2026-01-06,20:00,2,regular,confirmed
R000910,2026-01-06,18:30,2,regular,confirmed
R000911,2026-01-06,18:30,4,regular,confirmed
R000912,2026-01-07,20:30,55,private_event,confirmed
R000913,2026-01-08,19:00,4,regular,confirmed
R000914,2026-01-08,22:00,4,regular,confirmed
R000915,2026-01-09,19:00,4,regular,confirmed
R000916,2026-01-09,22:00,5,regular,confirmed
R000917,2026-01-09,19:00,6,regular,cancelled
R000918,2026-01-09,20:30,3,regular,confirmed
R000919,2026-01-09,21:00,5,regular,cancelled
R000920,2026-01-09,20:00,2,regular,confirmed
R000921,2026-01-09,21:00,3,regular,confirmed
R000922,2026-01-09,18:30,4,regular,confirmed
R000923,2026-01-09,18:30,2,regular,confirmed
R000924,2026-01-09,20:00,5,regular,confirmed
R000925,2026-01-09,18:30,4,regular,confirmed
R000926,2026-01-09,21:00,5,regular,confirmed
R000927,2026-01-09,19:00,5,regular,confirmed
R000928,2026-01-09,20:30,2,regular,confirmed
R000929,2026-01-10,20:00,55,private_event,confirmed
R000930,2026-01-10,19:00,5,regular,confirmed
R000931,2026-01-10,20:00,3,regular,confirmed
R000932,2026-01-10,20:00,2,regular,confirmed
R000933,2026-01-10,18:30,6,regular,confirmed
R000934,2026-01-10,22:00,5,regular,confirmed
R000935,2026-01-10,21:00,4,regular,confirmed
R000936,2026-01-10,21:00,24,large_group,confirmed
R000937,2026-01-10,18:30,5,regular,confirmed
R000938,2026-01-10,18:30,3,regular,confirmed
R000939,2026-01-10,18:30,4,regular,confirmed
R000940,2026-01-11,18:30,6,regular,confirmed
R000941,2026-01-11,21:00,3,regular,confirmed
R000942,2026-01-11,21:00,4,regular,confirmed
R000943,2026-01-12,21:00,4,regular,confirmed
R000944,2026-01-12,20:00,6,regular,confirmed
R000945,2026-01-12,19:00,4,regular,confirmed
R000946,2026-01-12,20:00,5,regular,confirmed
R000947,2026-01-13,18:30,6,regular,confirmed
R000948,2026-01-13,21:00,4,regular,confirmed
R000949,2026-01-13,20:00,2,regular,confirmed
R000950,2026-01-13,22:00,4,regular,confirmed
R000951,2026-01-13,20:00,6,regular,confirmed
R000952,2026-01-14,19:00,2,regular,confirmed
R000953,2026-01-14,20:30,4,regular,confirmed
R000954,2026-01-14,19:00,2,regular,confirmed
R000955,2026-01-14,22:00,6,regular,confirmed
R000956,2026-01-15,22:00,2,regular,confirmed
R000957,2026-01-15,21:00,43,private_event,confirmed
R000958,2026-01-15,20:30,11,birthday,confirmed
R000959,2026-01-15,20:00,2,regular,confirmed
R000960,2026-01-15,18:30,5,regular,confirmed
R000961,2026-01-15,19:00,6,regular,confirmed
R000962,2026-01-15,19:00,2,regular,confirmed
R000963,2026-01-15,21:00,6,regular,confirmed
R000964,2026-01-16,20:30,4,regular,confirmed
R000965,2026-01-16,20:00,2,regular,confirmed
R000966,2026-01-16,19:00,5,regular,confirmed
R000967,2026-01-16,20:00,16,large_group,confirmed
R000968,2026-01-16,20:00,6,regular,confirmed
R000969,2026-01-16,21:00,2,regular,confirmed
R000970,2026-01-16,21:00,4,regular,confirmed
R000971,2026-01-16,20:30,4,regular,confirmed
R000972,2026-01-16,21:00,4,regular,confirmed
R000973,2026-01-16,19:00,13,birthday,confirmed
R000974,2026-01-16,22:00,4,regular,cancelled
R000975,2026-01-16,20:00,12,birthday,confirmed
R000976,2026-01-16,20:30,2,regular,confirmed
R000977,2026-01-16,18:30,5,regular,confirmed
R000978,2026-01-17,21:00,6,regular,confirmed
R000979,2026-01-17,22:00,4,regular,confirmed
R000980,2026-01-17,22:00,2,regular,confirmed
R000981,2026-01-17,18:30,4,regular,confirmed
R000982,2026-01-17,22:00,2,regular,confirmed
R000983,2026-01-17,19:00,5,regular,confirmed
R000984,2026-01-17,22:00,5,regular,confirmed
R000985,2026-01-17,20:00,2,regular,cancelled
R000986,2026-01-18,18:30,4,regular,confirmed
R000987,2026-01-18,19:00,6,regular,confirmed
R000988,2026-01-18,18:30,15,birthday,cancelled
R000989,2026-01-18,20:30,2,regular,confirmed
R000990,2026-01-19,22:00,4,regular,confirmed
R000991,2026-01-19,20:30,14,large_group,confirmed
R000992,2026-01-19,18:30,2,regular,confirmed
R000993,2026-01-20,21:00,3,regular,confirmed
R000994,2026-01-20,19:00,4,regular,confirmed
R000995,2026-01-20,18:30,2,regular,confirmed
R000996,2026-01-21,19:00,4,regular,confirmed
R000997,2026-01-21,21:00,5,regular,confirmed
R000998,2026-01-21,21:00,5,regular,confirmed
R000999,2026-01-21,19:00,4,regular,confirmed
R001000,2026-01-21,21:00,11,birthday,confirmed
R001001,2026-01-21,21:00,4,regular,confirmed
R001002,2026-01-22,22:00,2,regular,confirmed
R001003,2026-01-22,21:00,2,regular,confirmed
R001004,2026-01-22,22:00,6,regular,confirmed
R001005,2026-01-22,20:30,3,regular,confirmed
R001006,2026-01-22,19:00,4,regular,confirmed
R001007,2026-01-22,19:00,11,birthday,confirmed
R001008,2026-01-22,21:00,6,regular,confirmed
R001009,2026-01-22,19:00,2,regular,confirmed
R001010,2026-01-22,20:30,4,regular,confirmed
R001011,2026-01-22,22:00,4,regular,confirmed
R001012,2026-01-22,22:00,4,regular,confirmed
R001013,2026-01-23,20:30,2,regular,confirmed
R001014,2026-01-23,19:00,5,regular,confirmed
R001015,2026-01-23,19:00,2,regular,confirmed
R001016,2026-01-23,22:00,2,regular,confirmed
R001017,2026-01-23,19:00,6,regular,confirmed
R001018,2026-01-23,18:30,16,birthday,confirmed
R001019,2026-01-23,20:30,3,regular,cancelled
R001020,2026-01-23,19:00,5,regular,confirmed
R001021,2026-01-23,21:00,14,birthday,confirmed
R001022,2026-01-23,21:00,12,birthday,confirmed
R001023,2026-01-24,18:30,2,regular,confirmed
R001024,2026-01-24,22:00,2,regular,confirmed
R001025,2026-01-24,20:00,4,regular,confirmed
R001026,2026-01-24,22:00,16,birthday,confirmed
R001027,2026-01-24,18:30,4,regular,confirmed
R001028,2026-01-24,21:00,4,regular,confirmed
R001029,2026-01-24,20:00,3,regular,confirmed
R001030,2026-01-25,19:00,2,regular,confirmed
R001031,2026-01-25,22:00,4,regular,confirmed
R001032,2026-01-25,22:00,6,regular,confirmed
R001033,2026-01-25,20:00,39,private_event,confirmed
R001034,2026-01-25,21:00,4,regular,confirmed
R001035,2026-01-25,20:30,2,regular,confirmed
R001036,2026-01-25,18:30,2,regular,confirmed
R001037,2026-01-25,20:00,3,regular,confirmed
R001038,2026-01-26,20:30,4,regular,confirmed
R001039,2026-01-26,19:00,5,regular,confirmed
R001040,2026-01-26,20:30,5,regular,confirmed
R001041,2026-01-26,19:00,2,regular,confirmed
R001042,2026-01-26,20:00,8,birthday,confirmed
R001043,2026-01-26,20:00,3,regular,confirmed
R001044,2026-01-26,19:00,3,regular,confirmed
R001045,2026-01-26,20:00,6,regular,confirmed
R001046,2026-01-27,20:30,4,regular,confirmed
R001047,2026-01-27,20:00,6,regular,confirmed
R001048,2026-01-27,21:00,2,regular,confirmed
R001049,2026-01-27,21:00,3,regular,confirmed
R001050,2026-01-27,18:30,2,regular,confirmed
R001051,2026-01-27,20:00,4,regular,confirmed
R001052,2026-01-28,20:00,2,regular,confirmed
R001053,2026-01-28,21:00,4,regular,confirmed
R001054,2026-01-28,20:30,3,regular,confirmed
R001055,2026-01-29,22:00,4,regular,confirmed
R001056,2026-01-29,19:00,4,regular,confirmed
R001057,2026-01-29,18:30,2,regular,confirmed
R001058,2026-01-29,21:00,4,regular,confirmed
R001059,2026-01-29,20:00,2,regular,confirmed
R001060,2026-01-29,19:00,5,regular,confirmed
R001061,2026-01-29,22:00,2,regular,confirmed
R001062,2026-01-29,18:30,6,regular,confirmed
R001063,2026-01-29,21:00,3,regular,confirmed
R001064,2026-01-30,21:00,4,regular,cancelled
R001065,2026-01-30,20:30,2,regular,confirmed
R001066,2026-01-30,19:00,5,regular,confirmed
R001067,2026-01-30,22:00,2,regular,confirmed
R001068,2026-01-30,20:00,6,regular,cancelled
R001069,2026-01-30,18:30,4,regular,confirmed
R001070,2026-01-30,20:30,2,regular,confirmed
R001071,2026-01-30,22:00,3,regular,confirmed
R001072,2026-01-30,21:00,5,regular,confirmed
R001073,2026-01-30,20:00,4,regular,confirmed
R001074,2026-01-30,22:00,3,regular,confirmed
R001075,2026-01-30,21:00,8,birthday,confirmed
R001076,2026-01-30,20:30,3,regular,confirmed
R001077,2026-01-30,22:00,4,regular,confirmed
R001078,2026-01-30,21:00,4,regular,confirmed
R001079,2026-01-31,20:00,2,regular,confirmed
R001080,2026-01-31,20:30,2,regular,confirmed
R001081,2026-01-31,21:00,4,regular,confirmed
R001082,2026-01-31,20:30,2,regular,confirmed
R001083,2026-01-31,22:00,5,regular,confirmed
R001084,2026-01-31,20:30,3,regular,confirmed
R001085,2026-01-31,21:00,11,birthday,confirmed
R001086,2026-01-31,20:00,6,regular,confirmed
R001087,2026-01-31,20:00,2,regular,confirmed
R001088,2026-01-31,18:30,4,regular,confirmed
R001089,2026-01-31,20:00,4,regular,confirmed
R001090,2026-02-01,20:30,10,birthday,confirmed
R001091,2026-02-01,22:00,2,regular,confirmed
R001092,2026-02-01,20:00,2,regular,confirmed
R001093,2026-02-01,20:30,14,birthday,confirmed
R001094,2026-02-01,20:30,4,regular,confirmed
R001095,2026-02-01,21:00,3,regular,confirmed
R001096,2026-02-03,21:00,2,regular,confirmed
R001097,2026-02-03,22:00,6,regular,confirmed
R001098,2026-02-03,20:00,2,regular,confirmed
R001099,2026-02-03,20:00,6,regular,confirmed
R001100,2026-02-03,21:00,6,regular,confirmed
R001101,2026-02-03,19:00,15,birthday,confirmed
R001102,2026-02-03,22:00,4,regular,confirmed
R001103,2026-02-03,19:00,2,regular,confirmed
R001104,2026-02-03,22:00,5,regular,cancelled
R001105,2026-02-04,21:00,4,regular,confirmed
R001106,2026-02-04,18:30,4,regular,confirmed
R001107,2026-02-04,19:00,6,regular,confirmed
R001108,2026-02-04,18:30,13,birthday,confirmed
R001109,2026-02-04,21:00,6,regular,confirmed
R001110,2026-02-04,18:30,4,regular,confirmed
R001111,2026-02-04,20:30,2,regular,confirmed
R001112,2026-02-05,21:00,3,regular,confirmed
R001113,2026-02-05,20:30,2,regular,confirmed
R001114,2026-02-05,18:30,6,regular,confirmed
R001115,2026-02-05,19:00,3,regular,confirmed
R001116,2026-02-05,20:00,4,regular,confirmed
R001117,2026-02-05,21:00,5,regular,confirmed
R001118,2026-02-05,20:00,2,regular,confirmed
R001119,2026-02-05,20:00,2,regular,confirmed
R001120,2026-02-05,20:30,6,regular,confirmed
R001121,2026-02-05,19:00,2,regular,cancelled
R001122,2026-02-05,18:30,6,regular,confirmed
R001123,2026-02-05,19:00,3,regular,confirmed
R001124,2026-02-06,20:00,3,regular,confirmed
R001125,2026-02-06,18:30,4,regular,confirmed
R001126,2026-02-06,20:00,4,regular,confirmed
R001127,2026-02-06,19:00,2,regular,confirmed
R001128,2026-02-06,18:30,3,regular,confirmed
R001129,2026-02-06,20:00,5,regular,confirmed
R001130,2026-02-06,21:00,4,regular,confirmed
R001131,2026-02-06,18:30,5,regular,confirmed
R001132,2026-02-06,21:00,2,regular,confirmed
R001133,2026-02-06,18:30,5,regular,confirmed
R001134,2026-02-06,18:30,4,regular,confirmed
R001135,2026-02-06,22:00,4,regular,confirmed
R001136,2026-02-06,21:00,2,regular,confirmed
R001137,2026-02-07,22:00,3,regular,confirmed
R001138,2026-02-07,21:00,5,regular,confirmed
R001139,2026-02-07,22:00,5,regular,confirmed
R001140,2026-02-07,19:00,3,regular,confirmed
R001141,2026-02-07,18:30,2,regular,confirmed
R001142,2026-02-07,18:30,5,regular,confirmed
R001143,2026-02-07,21:00,6,regular,confirmed
R001144,2026-02-07,20:30,5,regular,confirmed
R001145,2026-02-08,19:00,6,regular,confirmed
R001146,2026-02-08,19:00,45,private_event,confirmed
R001147,2026-02-08,20:00,2,regular,confirmed
R001148,2026-02-08,22:00,3,regular,confirmed
R001149,2026-02-08,18:30,13,birthday,confirmed
R001150,2026-02-08,20:30,6,regular,confirmed
R001151,2026-02-08,22:00,4,regular,confirmed
R001152,2026-02-09,21:00,2,regular,confirmed
R001153,2026-02-09,22:00,18,large_group,confirmed
R001154,2026-02-09,22:00,4,regular,confirmed
R001155,2026-02-09,21:00,2,regular,confirmed
R001156,2026-02-09,19:00,6,regular,confirmed
R001157,2026-02-09,19:00,10,birthday,confirmed
R001158,2026-02-09,21:00,2,regular,confirmed
R001159,2026-02-10,18:30,4,regular,confirmed
R001160,2026-02-11,22:00,3,regular,confirmed
R001161,2026-02-11,21:00,2,regular,confirmed
R001162,2026-02-11,21:00,5,regular,confirmed
R001163,2026-02-11,20:00,14,birthday,confirmed
R001164,2026-02-11,20:30,4,regular,confirmed
R001165,2026-02-11,22:00,2,regular,confirmed
R001166,2026-02-11,22:00,5,regular,confirmed
R001167,2026-02-12,20:30,5,regular,confirmed
R001168,2026-02-12,22:00,2,regular,confirmed
R001169,2026-02-12,19:00,2,regular,confirmed
R001170,2026-02-12,20:00,4,regular,confirmed
R001171,2026-02-12,22:00,2,regular,confirmed
R001172,2026-02-12,18:30,6,regular,confirmed
R001173,2026-02-12,19:00,2,regular,confirmed
R001174,2026-02-12,21:00,2,regular,confirmed
R001175,2026-02-12,22:00,4,regular,confirmed
R001176,2026-02-13,20:30,5,regular,confirmed
R001177,2026-02-13,21:00,4,regular,confirmed
R001178,2026-02-13,22:00,3,regular,confirmed
R001179,2026-02-13,19:00,4,regular,confirmed
R001180,2026-02-13,18:30,2,regular,confirmed
R001181,2026-02-13,19:00,5,regular,confirmed
R001182,2026-02-13,20:30,4,regular,confirmed
R001183,2026-02-13,21:00,4,regular,confirmed
R001184,2026-02-13,20:00,2,regular,confirmed
R001185,2026-02-13,18:30,3,regular,confirmed
R001186,2026-02-14,19:00,2,regular,confirmed
R001187,2026-02-14,19:00,4,regular,confirmed
R001188,2026-02-14,18:30,6,regular,confirmed
R001189,2026-02-14,18:30,3,regular,confirmed
R001190,2026-02-14,20:30,2,regular,confirmed
R001191,2026-02-14,20:00,11,birthday,confirmed
R001192,2026-02-14,20:00,2,regular,confirmed
R001193,2026-02-14,20:00,2,regular,confirmed
R001194,2026-02-14,19:00,15,birthday,confirmed
R001195,2026-02-14,21:00,3,regular,confirmed
R001196,2026-02-14,20:30,4,regular,confirmed
R001197,2026-02-14,21:00,2,regular,cancelled
R001198,2026-02-14,20:30,2,regular,confirmed
R001199,2026-02-14,21:00,2,regular,confirmed
R001200,2026-02-14,20:30,9,birthday,confirmed
R001201,2026-02-15,22:00,6,regular,confirmed
R001202,2026-02-15,19:00,3,regular,cancelled
R001203,2026-02-15,20:00,2,regular,confirmed
R001204,2026-02-15,22:00,5,regular,confirmed
R001205,2026-02-15,20:30,4,regular,confirmed
R001206,2026-02-16,22:00,5,regular,confirmed
R001207,2026-02-16,18:30,5,regular,confirmed
R001208,2026-02-16,18:30,3,regular,confirmed
R001209,2026-02-16,22:00,4,regular,cancelled
R001210,2026-02-16,19:00,4,regular,confirmed
R001211,2026-02-16,22:00,4,regular,confirmed
R001212,2026-02-17,21:00,18,large_group,confirmed
R001213,2026-02-17,21:00,6,regular,confirmed
R001214,2026-02-17,20:00,16,birthday,confirmed
R001215,2026-02-17,20:00,3,regular,confirmed
R001216,2026-02-18,18:30,3,regular,confirmed
R001217,2026-02-18,19:00,4,regular,confirmed
R001218,2026-02-18,19:00,3,regular,confirmed
R001219,2026-02-18,20:30,4,regular,confirmed
R001220,2026-02-18,19:00,4,regular,confirmed
R001221,2026-02-19,22:00,4,regular,confirmed
R001222,2026-02-19,21:00,2,regular,confirmed
R001223,2026-02-19,22:00,2,regular,confirmed
R001224,2026-02-19,20:00,2,regular,confirmed
R001225,2026-02-19,20:30,10,birthday,confirmed
R001226,2026-02-19,21:00,4,regular,confirmed
R001227,2026-02-19,20:30,5,regular,confirmed
R001228,2026-02-19,22:00,3,regular,confirmed
R001229,2026-02-19,18:30,3,regular,confirmed
R001230,2026-02-19,19:00,5,regular,confirmed
R001231,2026-02-20,21:00,5,regular,confirmed
R001232,2026-02-20,19:00,4,regular,confirmed
R001233,2026-02-20,21:00,4,regular,confirmed
R001234,2026-02-20,22:00,4,regular,confirmed
R001235,2026-02-20,21:00,4,regular,confirmed
R001236,2026-02-20,18:30,3,regular,confirmed
R001237,2026-02-20,21:00,5,regular,confirmed
R001238,2026-02-20,20:00,5,regular,confirmed
R001239,2026-02-20,21:00,6,regular,confirmed
R001240,2026-02-20,18:30,2,regular,confirmed
R001241,2026-02-20,20:30,4,regular,confirmed
R001242,2026-02-20,18:30,2,regular,confirmed
R001243,2026-02-21,20:00,6,regular,confirmed
R001244,2026-02-21,20:00,4,regular,confirmed
R001245,2026-02-21,18:30,4,regular,confirmed
R001246,2026-02-21,19:00,15,birthday,confirmed
R001247,2026-02-21,19:00,6,regular,confirmed
R001248,2026-02-21,18:30,4,regular,confirmed
R001249,2026-02-21,19:00,5,regular,confirmed
R001250,2026-02-21,20:30,2,regular,confirmed
R001251,2026-02-22,18:30,4,regular,confirmed
R001252,2026-02-22,22:00,4,regular,confirmed
R001253,2026-02-22,21:00,4,regular,confirmed
R001254,2026-02-22,21:00,6,regular,confirmed
R001255,2026-02-23,20:30,2,regular,cancelled
R001256,2026-02-23,20:30,2,regular,confirmed
R001257,2026-02-23,20:00,2,regular,confirmed
R001258,2026-02-23,22:00,4,regular,confirmed
R001259,2026-02-23,18:30,3,regular,confirmed
R001260,2026-02-23,22:00,6,regular,confirmed
R001261,2026-02-23,22:00,6,regular,confirmed
R001262,2026-02-24,20:00,2,regular,confirmed
R001263,2026-02-24,20:30,2,regular,confirmed
R001264,2026-02-24,18:30,2,regular,confirmed
R001265,2026-02-24,18:30,2,regular,confirmed
R001266,2026-02-25,21:00,2,regular,confirmed
R001267,2026-02-26,18:30,4,regular,confirmed
R001268,2026-02-26,18:30,2,regular,confirmed
R001269,2026-02-26,18:30,4,regular,confirmed
R001270,2026-02-26,20:00,3,regular,confirmed
R001271,2026-02-26,19:00,8,birthday,confirmed
R001272,2026-02-26,21:00,14,large_group,confirmed
R001273,2026-02-26,20:30,4,regular,confirmed
R001274,2026-02-27,21:00,6,regular,confirmed
R001275,2026-02-27,22:00,4,regular,confirmed
R001276,2026-02-27,18:30,4,regular,confirmed
R001277,2026-02-27,20:00,2,regular,confirmed
R001278,2026-02-27,18:30,4,regular,confirmed
R001279,2026-02-27,18:30,2,regular,confirmed
R001280,2026-02-27,19:00,4,regular,confirmed
R001281,2026-02-27,22:00,5,regular,confirmed
R001282,2026-02-27,20:00,2,regular,confirmed
R001283,2026-02-27,18:30,6,regular,confirmed
R001284,2026-02-27,21:00,4,regular,confirmed
R001285,2026-02-27,18:30,3,regular,confirmed
R001286,2026-02-27,18:30,2,regular,confirmed
R001287,2026-02-27,19:00,47,private_event,cancelled
R001288,2026-02-27,19:00,3,regular,confirmed
R001289,2026-02-28,19:00,3,regular,confirmed
R001290,2026-02-28,18:30,13,large_group,confirmed
R001291,2026-02-28,20:30,4,regular,confirmed
R001292,2026-02-28,19:00,6,regular,confirmed
R001293,2026-02-28,21:00,5,regular,confirmed
R001294,2026-02-28,22:00,4,regular,confirmed
R001295,2026-02-28,20:30,4,regular,confirmed
R001296,2026-03-01,20:00,2,regular,confirmed
R001297,2026-03-01,20:30,4,regular,confirmed
R001298,2026-03-01,21:00,5,regular,confirmed
R001299,2026-03-01,21:00,6,regular,confirmed
R001300,2026-03-04,22:00,4,regular,confirmed
R001301,2026-03-04,18:30,5,regular,confirmed
R001302,2026-03-04,18:30,4,regular,confirmed
R001303,2026-03-04,21:00,4,regular,confirmed
R001304,2026-03-04,20:00,4,regular,confirmed
R001305,2026-03-04,21:00,5,regular,confirmed
R001306,2026-03-05,20:30,2,regular,confirmed
R001307,2026-03-05,18:30,5,regular,confirmed
R001308,2026-03-05,22:00,6,regular,confirmed
R001309,2026-03-05,22:00,2,regular,confirmed
R001310,2026-03-05,20:30,12,birthday,cancelled
R001311,2026-03-05,20:00,4,regular,cancelled
R001312,2026-03-05,22:00,4,regular,confirmed
R001313,2026-03-06,20:30,2,regular,cancelled
R001314,2026-03-06,20:30,2,regular,confirmed
R001315,2026-03-06,19:00,4,regular,confirmed
R001316,2026-03-06,20:00,6,regular,confirmed
R001317,2026-03-06,20:30,4,regular,confirmed
R001318,2026-03-06,20:30,6,regular,confirmed
R001319,2026-03-06,18:30,2,regular,confirmed
R001320,2026-03-06,18:30,3,regular,confirmed
R001321,2026-03-06,19:00,6,regular,confirmed
R001322,2026-03-06,20:30,5,regular,cancelled
R001323,2026-03-06,21:00,6,regular,confirmed
R001324,2026-03-06,20:00,5,regular,confirmed
R001325,2026-03-06,20:00,5,regular,confirmed
R001326,2026-03-06,18:30,2,regular,confirmed
R001327,2026-03-06,19:00,4,regular,confirmed
R001328,2026-03-06,19:00,4,regular,confirmed
R001329,2026-03-06,18:30,4,regular,confirmed
R001330,2026-03-06,21:00,3,regular,confirmed
R001331,2026-03-07,20:00,6,regular,confirmed
R001332,2026-03-07,22:00,2,regular,confirmed
R001333,2026-03-07,21:00,2,regular,confirmed
R001334,2026-03-07,20:30,4,regular,confirmed
R001335,2026-03-07,19:00,6,regular,confirmed
R001336,2026-03-07,18:30,4,regular,confirmed
R001337,2026-03-07,19:00,5,regular,confirmed
R001338,2026-03-07,20:30,3,regular,confirmed
R001339,2026-03-07,20:30,4,regular,confirmed
R001340,2026-03-07,18:30,4,regular,confirmed
R001341,2026-03-07,20:30,2,regular,confirmed
R001342,2026-03-07,19:00,4,regular,confirmed
R001343,2026-03-08,18:30,2,regular,confirmed
R001344,2026-03-09,19:00,4,regular,confirmed
R001345,2026-03-09,19:00,6,regular,confirmed
R001346,2026-03-10,21:00,4,regular,cancelled
R001347,2026-03-10,21:00,2,regular,confirmed
R001348,2026-03-10,20:00,6,regular,confirmed
R001349,2026-03-10,22:00,2,regular,confirmed
R001350,2026-03-10,20:30,6,regular,confirmed
R001351,2026-03-10,18:30,4,regular,confirmed
R001352,2026-03-10,19:00,5,regular,confirmed
R001353,2026-03-10,20:30,4,regular,confirmed
R001354,2026-03-10,22:00,4,regular,confirmed
R001355,2026-03-10,22:00,2,regular,confirmed
R001356,2026-03-11,20:30,16,birthday,confirmed
R001357,2026-03-11,21:00,35,private_event,confirmed
R001358,2026-03-11,20:30,2,regular,confirmed
R001359,2026-03-11,18:30,4,regular,confirmed
R001360,2026-03-11,20:00,4,regular,confirmed
R001361,2026-03-11,22:00,4,regular,confirmed
R001362,2026-03-11,20:00,5,regular,confirmed
R001363,2026-03-12,19:00,2,regular,confirmed
R001364,2026-03-12,18:30,8,birthday,cancelled
R001365,2026-03-12,20:30,5,regular,confirmed
R001366,2026-03-12,20:00,5,regular,confirmed
R001367,2026-03-12,20:30,2,regular,confirmed
R001368,2026-03-12,21:00,4,regular,confirmed
R001369,2026-03-12,20:30,4,regular,confirmed
R001370,2026-03-12,20:30,14,birthday,confirmed
R001371,2026-03-12,18:30,5,regular,confirmed
R001372,2026-03-13,19:00,3,regular,confirmed
R001373,2026-03-13,20:30,4,regular,confirmed
R001374,2026-03-13,20:00,5,regular,confirmed
R001375,2026-03-13,20:30,4,regular,confirmed
R001376,2026-03-13,19:00,4,regular,confirmed
R001377,2026-03-13,19:00,8,birthday,confirmed
R001378,2026-03-13,22:00,2,regular,confirmed
R001379,2026-03-13,19:00,21,large_group,confirmed
R001380,2026-03-13,19:00,5,regular,confirmed
R001381,2026-03-14,19:00,5,regular,confirmed
R001382,2026-03-14,19:00,4,regular,confirmed
R001383,2026-03-14,20:30,4,regular,confirmed
R001384,2026-03-14,19:00,2,regular,confirmed
R001385,2026-03-14,21:00,5,regular,confirmed
R001386,2026-03-14,20:30,5,regular,cancelled
R001387,2026-03-14,20:00,3,regular,confirmed
R001388,2026-03-14,20:00,2,regular,confirmed
R001389,2026-03-14,21:00,4,regular,confirmed
R001390,2026-03-14,20:00,4,regular,confirmed
R001391,2026-03-14,20:30,2,regular,confirmed
R001392,2026-03-15,21:00,4,regular,confirmed
R001393,2026-03-15,21:00,4,regular,confirmed
R001394,2026-03-15,21:00,5,regular,confirmed
R001395,2026-03-16,21:00,3,regular,confirmed
R001396,2026-03-16,22:00,4,regular,cancelled
R001397,2026-03-16,20:30,6,regular,confirmed
R001398,2026-03-16,19:00,4,regular,confirmed
R001399,2026-03-16,20:30,6,regular,confirmed
R001400,2026-03-16,18:30,3,regular,confirmed
R001401,2026-03-17,19:00,13,birthday,confirmed
R001402,2026-03-17,20:00,2,regular,confirmed
R001403,2026-03-17,19:00,4,regular,confirmed
R001404,2026-03-17,22:00,15,large_group,confirmed
R001405,2026-03-17,18:30,17,large_group,confirmed
R001406,2026-03-17,20:00,2,regular,confirmed
R001407,2026-03-18,20:30,6,regular,confirmed
R001408,2026-03-18,21:00,40,private_event,confirmed
R001409,2026-03-18,21:00,2,regular,confirmed
R001410,2026-03-18,19:00,6,regular,confirmed
R001411,2026-03-18,21:00,6,regular,confirmed
R001412,2026-03-18,20:00,2,regular,confirmed
R001413,2026-03-18,19:00,2,regular,confirmed
R001414,2026-03-18,20:00,6,regular,confirmed
R001415,2026-03-19,20:30,2,regular,confirmed
R001416,2026-03-19,21:00,6,regular,cancelled
R001417,2026-03-19,20:30,4,regular,confirmed
R001418,2026-03-19,20:00,3,regular,confirmed
R001419,2026-03-19,21:00,4,regular,confirmed
R001420,2026-03-20,20:30,2,regular,confirmed
R001421,2026-03-20,20:00,4,regular,confirmed
R001422,2026-03-20,20:00,3,regular,confirmed
R001423,2026-03-20,19:00,4,regular,confirmed
R001424,2026-03-20,20:30,2,regular,confirmed
R001425,2026-03-21,20:00,4,regular,confirmed
R001426,2026-03-21,19:00,2,regular,confirmed
R001427,2026-03-21,22:00,5,regular,confirmed
R001428,2026-03-21,20:00,4,regular,confirmed
R001429,2026-03-21,20:00,2,regular,confirmed
R001430,2026-03-21,19:00,4,regular,confirmed
R001431,2026-03-21,22:00,6,regular,confirmed
R001432,2026-03-21,20:00,4,regular,confirmed
R001433,2026-03-21,22:00,3,regular,confirmed
R001434,2026-03-21,18:30,4,regular,confirmed
R001435,2026-03-21,21:00,2,regular,confirmed
R001436,2026-03-22,22:00,4,regular,confirmed
R001437,2026-03-22,19:00,4,regular,confirmed
R001438,2026-03-22,19:00,4,regular,confirmed
R001439,2026-03-22,18:30,6,regular,cancelled
R001440,2026-03-22,21:00,4,regular,confirmed
R001441,2026-03-23,18:30,3,regular,confirmed
R001442,2026-03-24,19:00,6,regular,confirmed
R001443,2026-03-24,22:00,5,regular,confirmed
R001444,2026-03-24,19:00,3,regular,confirmed
R001445,2026-03-24,21:00,6,regular,confirmed
R001446,2026-03-24,19:00,5,regular,confirmed
R001447,2026-03-24,19:00,6,regular,confirmed
R001448,2026-03-24,20:00,2,regular,confirmed
R001449,2026-03-24,19:00,6,regular,confirmed
R001450,2026-03-24,22:00,3,regular,confirmed
R001451,2026-03-24,20:30,2,regular,confirmed
R001452,2026-03-25,20:00,2,regular,confirmed
R001453,2026-03-25,21:00,6,regular,confirmed
R001454,2026-03-25,21:00,2,regular,confirmed
R001455,2026-03-25,20:00,4,regular,confirmed
R001456,2026-03-25,22:00,3,regular,confirmed
R001457,2026-03-25,21:00,3,regular,confirmed
R001458,2026-03-25,19:00,3,regular,confirmed
R001459,2026-03-25,22:00,2,regular,confirmed
R001460,2026-03-25,21:00,4,regular,confirmed
R001461,2026-03-26,20:30,6,regular,confirmed
R001462,2026-03-26,20:00,4,regular,confirmed
R001463,2026-03-26,19:00,5,regular,confirmed
R001464,2026-03-26,20:00,3,regular,confirmed
R001465,2026-03-26,20:00,2,regular,cancelled
R001466,2026-03-26,22:00,5,regular,confirmed
R001467,2026-03-26,21:00,2,regular,confirmed
R001468,2026-03-26,19:00,6,regular,confirmed
R001469,2026-03-26,22:00,3,regular,confirmed
R001470,2026-03-27,19:00,19,large_group,confirmed
R001471,2026-03-27,22:00,5,regular,cancelled
R001472,2026-03-27,18:30,13,birthday,confirmed
R001473,2026-03-27,18:30,5,regular,confirmed
R001474,2026-03-27,18:30,3,regular,cancelled
R001475,2026-03-27,20:30,2,regular,confirmed
R001476,2026-03-27,22:00,6,regular,confirmed
R001477,2026-03-27,22:00,25,large_group,confirmed
R001478,2026-03-27,19:00,9,birthday,confirmed
R001479,2026-03-27,20:30,6,regular,confirmed
R001480,2026-03-27,22:00,3,regular,confirmed
R001481,2026-03-27,18:30,4,regular,confirmed
R001482,2026-03-28,21:00,3,regular,confirmed
R001483,2026-03-28,22:00,2,regular,confirmed
R001484,2026-03-28,19:00,3,regular,confirmed
R001485,2026-03-28,21:00,14,birthday,confirmed
R001486,2026-03-28,18:30,5,regular,confirmed
R001487,2026-03-28,18:30,4,regular,confirmed
R001488,2026-03-28,20:00,21,large_group,confirmed
R001489,2026-03-28,22:00,5,regular,confirmed
R001490,2026-03-28,20:00,4,regular,confirmed
R001491,2026-03-28,21:00,6,regular,confirmed
R001492,2026-03-28,21:00,6,regular,confirmed
R001493,2026-03-29,20:30,6,regular,confirmed
R001494,2026-03-29,20:30,4,regular,confirmed
R001495,2026-03-30,20:30,2,regular,confirmed
R001496,2026-03-30,19:00,2,regular,confirmed
R001497,2026-03-30,19:00,12,large_group,confirmed
R001498,2026-03-30,20:00,4,regular,confirmed
R001499,2026-03-30,19:00,3,regular,confirmed
R001500,2026-03-31,18:30,4,regular,confirmed
R001501,2026-03-31,20:30,4,regular,confirmed
R001502,2026-03-31,20:30,5,regular,confirmed
R001503,2026-03-31,20:30,5,regular,confirmed
R001504,2026-03-31,18:30,4,regular,confirmed
R001505,2026-03-31,18:30,12,large_group,confirmed
R001506,2026-03-31,20:00,4,regular,confirmed
R001507,2026-03-31,20:30,4,regular,confirmed
R001508,2026-03-31,20:30,3,regular,confirmed
R001509,2026-04-01,21:00,2,regular,confirmed
R001510,2026-04-01,20:30,4,regular,confirmed
R001511,2026-04-01,20:30,2,regular,confirmed
R001512,2026-04-01,20:00,4,regular,confirmed
R001513,2026-04-01,21:00,5,regular,confirmed
R001514,2026-04-02,20:30,2,regular,confirmed
R001515,2026-04-02,20:00,6,regular,confirmed
R001516,2026-04-02,19:00,5,regular,confirmed
R001517,2026-04-02,20:30,2,regular,confirmed
R001518,2026-04-02,22:00,15,large_group,confirmed
R001519,2026-04-02,18:30,8,birthday,confirmed
R001520,2026-04-02,21:00,18,large_group,confirmed
R001521,2026-04-02,19:00,6,regular,confirmed
R001522,2026-04-02,20:00,6,regular,confirmed
R001523,2026-04-03,22:00,5,regular,cancelled
R001524,2026-04-03,19:00,5,regular,cancelled
R001525,2026-04-03,19:00,2,regular,confirmed
R001526,2026-04-03,18:30,5,regular,confirmed
R001527,2026-04-03,20:00,3,regular,confirmed
R001528,2026-04-03,18:30,5,regular,confirmed
R001529,2026-04-03,20:00,4,regular,confirmed
R001530,2026-04-03,21:00,3,regular,confirmed
R001531,2026-04-03,22:00,3,regular,confirmed
R001532,2026-04-03,19:00,5,regular,confirmed
R001533,2026-04-04,21:00,26,large_group,confirmed
R001534,2026-04-04,21:00,2,regular,confirmed
R001535,2026-04-04,20:00,11,birthday,confirmed
R001536,2026-04-04,19:00,6,regular,cancelled
R001537,2026-04-04,19:00,4,regular,cancelled
R001538,2026-04-04,19:00,4,regular,confirmed
R001539,2026-04-04,18:30,4,regular,confirmed
R001540,2026-04-04,18:30,2,regular,confirmed
R001541,2026-04-04,20:00,5,regular,confirmed
R001542,2026-04-04,21:00,2,regular,confirmed
R001543,2026-04-04,21:00,4,regular,confirmed
R001544,2026-04-04,19:00,4,regular,confirmed
R001545,2026-04-05,18:30,2,regular,confirmed
R001546,2026-04-05,20:00,14,birthday,confirmed
R001547,2026-04-05,19:00,4,regular,confirmed
R001548,2026-04-06,20:00,6,regular,confirmed
R001549,2026-04-06,22:00,4,regular,confirmed
R001550,2026-04-06,18:30,3,regular,confirmed
R001551,2026-04-06,20:00,5,regular,cancelled
R001552,2026-04-06,22:00,25,large_group,confirmed
R001553,2026-04-07,22:00,6,regular,confirmed
R001554,2026-04-07,18:30,2,regular,cancelled
R001555,2026-04-07,21:00,4,regular,confirmed
R001556,2026-04-07,20:30,2,regular,confirmed
R001557,2026-04-07,21:00,5,regular,confirmed
R001558,2026-04-07,21:00,4,regular,confirmed
R001559,2026-04-08,21:00,2,regular,confirmed
R001560,2026-04-08,20:30,2,regular,confirmed
R001561,2026-04-08,18:30,5,regular,confirmed
R001562,2026-04-08,22:00,2,regular,confirmed
R001563,2026-04-08,18:30,4,regular,confirmed
R001564,2026-04-09,21:00,3,regular,confirmed
R001565,2026-04-09,18:30,2,regular,confirmed
R001566,2026-04-09,18:30,10,birthday,confirmed
R001567,2026-04-09,20:30,4,regular,confirmed
R001568,2026-04-09,20:00,16,large_group,confirmed
R001569,2026-04-09,20:30,38,private_event,confirmed
R001570,2026-04-09,18:30,5,regular,cancelled
R001571,2026-04-09,20:30,5,regular,confirmed
R001572,2026-04-09,21:00,4,regular,confirmed
R001573,2026-04-10,18:30,4,regular,confirmed
R001574,2026-04-10,21:00,3,regular,confirmed
R001575,2026-04-10,22:00,2,regular,confirmed
R001576,2026-04-10,20:00,5,regular,confirmed
R001577,2026-04-10,21:00,5,regular,confirmed
R001578,2026-04-10,19:00,3,regular,confirmed
R001579,2026-04-10,20:30,4,regular,confirmed
R001580,2026-04-10,20:30,5,regular,confirmed
R001581,2026-04-10,21:00,4,regular,confirmed
R001582,2026-04-10,22:00,6,regular,cancelled
R001583,2026-04-10,20:00,12,large_group,confirmed
R001584,2026-04-10,22:00,2,regular,confirmed
R001585,2026-04-11,19:00,4,regular,confirmed
R001586,2026-04-11,20:30,3,regular,confirmed
R001587,2026-04-11,19:00,3,regular,confirmed
R001588,2026-04-11,20:00,4,regular,confirmed
R001589,2026-04-11,22:00,4,regular,confirmed
R001590,2026-04-11,20:30,4,regular,confirmed
R001591,2026-04-11,20:30,5,regular,confirmed
R001592,2026-04-11,20:30,13,birthday,confirmed
R001593,2026-04-11,18:30,12,birthday,confirmed
R001594,2026-04-11,22:00,12,large_group,confirmed
R001595,2026-04-11,20:00,2,regular,confirmed
R001596,2026-04-11,20:00,2,regular,confirmed
R001597,2026-04-11,21:00,2,regular,confirmed
R001598,2026-04-12,18:30,18,large_group,confirmed
R001599,2026-04-12,18:30,2,regular,confirmed
R001600,2026-04-13,18:30,16,birthday,confirmed
R001601,2026-04-13,20:30,6,regular,confirmed
R001602,2026-04-13,22:00,6,regular,confirmed
R001603,2026-04-13,18:30,5,regular,confirmed
R001604,2026-04-13,20:30,2,regular,confirmed
R001605,2026-04-13,21:00,4,regular,confirmed
R001606,2026-04-13,18:30,6,regular,confirmed
R001607,2026-04-14,22:00,6,regular,confirmed
R001608,2026-04-14,22:00,6,regular,confirmed
R001609,2026-04-14,18:30,2,regular,cancelled
R001610,2026-04-14,18:30,6,regular,confirmed
R001611,2026-04-14,20:00,5,regular,confirmed
R001612,2026-04-14,18:30,3,regular,confirmed
R001613,2026-04-15,20:30,3,regular,confirmed
R001614,2026-04-15,21:00,5,regular,confirmed
R001615,2026-04-15,21:00,6,regular,confirmed
R001616,2026-04-16,19:00,4,regular,cancelled
R001617,2026-04-16,18:30,4,regular,confirmed
R001618,2026-04-16,19:00,6,regular,confirmed
R001619,2026-04-16,22:00,4,regular,confirmed
R001620,2026-04-16,21:00,2,regular,confirmed
R001621,2026-04-16,22:00,16,large_group,confirmed
R001622,2026-04-16,22:00,4,regular,confirmed
R001623,2026-04-16,20:30,16,birthday,confirmed
R001624,2026-04-16,18:30,5,regular,confirmed
R001625,2026-04-16,20:00,21,large_group,confirmed
R001626,2026-04-17,18:30,4,regular,cancelled
R001627,2026-04-17,22:00,4,regular,confirmed
R001628,2026-04-17,20:30,11,birthday,confirmed
R001629,2026-04-17,20:00,4,regular,confirmed
R001630,2026-04-17,20:30,4,regular,confirmed
R001631,2026-04-17,20:00,6,regular,confirmed
R001632,2026-04-17,20:30,4,regular,confirmed
R001633,2026-04-17,18:30,2,regular,confirmed
R001634,2026-04-17,20:00,3,regular,confirmed
R001635,2026-04-17,20:30,4,regular,confirmed
R001636,2026-04-17,18:30,6,regular,confirmed
R001637,2026-04-18,22:00,2,regular,confirmed
R001638,2026-04-18,20:00,4,regular,confirmed
R001639,2026-04-18,20:00,5,regular,confirmed
R001640,2026-04-18,18:30,6,regular,confirmed
R001641,2026-04-18,21:00,3,regular,confirmed
R001642,2026-04-18,19:00,5,regular,confirmed
R001643,2026-04-18,20:00,2,regular,confirmed
R001644,2026-04-18,20:30,8,birthday,confirmed
R001645,2026-04-18,20:30,14,large_group,confirmed
R001646,2026-04-18,20:00,17,large_group,confirmed
R001647,2026-04-19,20:00,3,regular,confirmed
R001648,2026-04-19,19:00,4,regular,confirmed
R001649,2026-04-19,18:30,2,regular,confirmed
R001650,2026-04-19,18:30,5,regular,confirmed
R001651,2026-04-19,18:30,4,regular,confirmed
R001652,2026-04-19,20:00,4,regular,confirmed
R001653,2026-04-19,20:00,2,regular,confirmed
R001654,2026-04-19,20:00,3,regular,confirmed
R001655,2026-04-19,22:00,3,regular,confirmed
R001656,2026-04-20,21:00,4,regular,confirmed
R001657,2026-04-20,19:00,4,regular,confirmed
R001658,2026-04-21,21:00,2,regular,confirmed
R001659,2026-04-21,22:00,2,regular,confirmed
R001660,2026-04-21,20:00,2,regular,confirmed
R001661,2026-04-21,20:30,3,regular,confirmed
R001662,2026-04-21,20:30,46,private_event,confirmed
R001663,2026-04-21,21:00,4,regular,confirmed
R001664,2026-04-21,20:30,3,regular,confirmed
R001665,2026-04-22,19:00,6,regular,confirmed
R001666,2026-04-22,22:00,4,regular,confirmed
R001667,2026-04-22,20:30,2,regular,confirmed
R001668,2026-04-22,20:00,2,regular,cancelled
R001669,2026-04-22,22:00,4,regular,confirmed
R001670,2026-04-23,20:00,5,regular,confirmed
R001671,2026-04-23,19:00,6,regular,confirmed
R001672,2026-04-23,21:00,2,regular,confirmed
R001673,2026-04-23,22:00,12,birthday,confirmed
R001674,2026-04-23,18:30,2,regular,confirmed
R001675,2026-04-23,20:00,4,regular,confirmed
R001676,2026-04-23,19:00,4,regular,confirmed
R001677,2026-04-23,20:30,4,regular,confirmed
R001678,2026-04-23,18:30,21,large_group,confirmed
R001679,2026-04-23,22:00,2,regular,confirmed
R001680,2026-04-23,19:00,4,regular,confirmed
R001681,2026-04-23,21:00,4,regular,confirmed
R001682,2026-04-23,20:00,5,regular,confirmed
R001683,2026-04-23,22:00,3,regular,confirmed
R001684,2026-04-23,18:30,2,regular,cancelled
R001685,2026-04-24,18:30,6,regular,confirmed
R001686,2026-04-24,20:30,5,regular,confirmed
R001687,2026-04-24,20:30,4,regular,confirmed
R001688,2026-04-24,20:00,3,regular,confirmed
R001689,2026-04-24,21:00,2,regular,confirmed
R001690,2026-04-24,20:30,5,regular,confirmed
R001691,2026-04-24,21:00,2,regular,confirmed
R001692,2026-04-24,20:30,4,regular,confirmed
R001693,2026-04-24,20:30,6,regular,confirmed
R001694,2026-04-24,18:30,4,regular,confirmed
R001695,2026-04-25,20:30,2,regular,confirmed
R001696,2026-04-25,18:30,2,regular,confirmed
R001697,2026-04-25,18:30,4,regular,confirmed
R001698,2026-04-25,20:00,12,birthday,cancelled
R001699,2026-04-25,18:30,14,birthday,confirmed
R001700,2026-04-25,21:00,6,regular,confirmed
R001701,2026-04-25,18:30,4,regular,confirmed
R001702,2026-04-25,22:00,3,regular,confirmed
R001703,2026-04-25,20:00,4,regular,confirmed
R001704,2026-04-25,20:30,3,regular,confirmed
R001705,2026-04-25,18:30,4,regular,confirmed
R001706,2026-04-25,19:00,5,regular,confirmed
R001707,2026-04-25,20:30,16,birthday,confirmed
R001708,2026-04-25,20:30,5,regular,confirmed
R001709,2026-04-26,18:30,6,regular,confirmed
R001710,2026-04-26,21:00,4,regular,confirmed
R001711,2026-04-26,21:00,4,regular,confirmed
R001712,2026-04-26,18:30,4,regular,confirmed
R001713,2026-04-26,21:00,2,regular,confirmed
R001714,2026-04-27,19:00,3,regular,confirmed
R001715,2026-04-27,20:00,2,regular,confirmed
R001716,2026-04-27,18:30,6,regular,confirmed
R001717,2026-04-27,19:00,3,regular,confirmed
R001718,2026-04-27,20:00,2,regular,confirmed
R001719,2026-04-27,20:00,4,regular,confirmed
R001720,2026-04-27,21:00,10,birthday,confirmed
R001721,2026-04-27,19:00,15,large_group,confirmed
R001722,2026-04-28,20:30,2,regular,confirmed
R001723,2026-04-28,22:00,15,birthday,confirmed
R001724,2026-04-30,22:00,4,regular,confirmed
R001725,2026-04-30,19:00,4,regular,confirmed
R001726,2026-04-30,20:30,5,regular,confirmed
R001727,2026-04-30,20:00,10,birthday,confirmed
R001728,2026-04-30,20:00,3,regular,confirmed
R001729,2026-04-30,21:00,5,regular,confirmed
R001730,2026-04-30,18:30,2,regular,confirmed
R001731,2026-04-30,21:00,3,regular,confirmed
R001732,2026-05-01,20:30,2,regular,confirmed
R001733,2026-05-01,22:00,6,regular,confirmed
R001734,2026-05-01,19:00,4,regular,confirmed
R001735,2026-05-01,18:30,4,regular,confirmed
R001736,2026-05-01,18:30,6,regular,confirmed
R001737,2026-05-01,22:00,2,regular,confirmed
R001738,2026-05-01,18:30,4,regular,confirmed
R001739,2026-05-01,21:00,5,regular,confirmed
R001740,2026-05-01,19:00,4,regular,confirmed
R001741,2026-05-01,21:00,3,regular,confirmed
R001742,2026-05-01,20:30,2,regular,confirmed
R001743,2026-05-01,18:30,5,regular,confirmed
R001744,2026-05-01,20:00,16,birthday,confirmed
R001745,2026-05-02,19:00,5,regular,confirmed
R001746,2026-05-02,18:30,2,regular,confirmed
R001747,2026-05-02,20:00,6,regular,confirmed
R001748,2026-05-02,20:00,2,regular,confirmed
R001749,2026-05-02,18:30,4,regular,confirmed
R001750,2026-05-02,21:00,5,regular,confirmed
R001751,2026-05-02,20:00,4,regular,confirmed
R001752,2026-05-02,22:00,2,regular,confirmed
R001753,2026-05-02,22:00,10,birthday,confirmed
R001754,2026-05-02,20:00,3,regular,confirmed
R001755,2026-05-02,22:00,6,regular,confirmed
R001756,2026-05-02,18:30,6,regular,confirmed
R001757,2026-05-02,20:30,2,regular,confirmed
R001758,2026-05-02,22:00,4,regular,confirmed
R001759,2026-05-03,18:30,2,regular,confirmed
R001760,2026-05-03,20:30,2,regular,confirmed
R001761,2026-05-03,19:00,3,regular,confirmed
R001762,2026-05-03,21:00,22,large_group,confirmed
R001763,2026-05-03,22:00,12,large_group,confirmed
R001764,2026-05-03,21:00,4,regular,confirmed
R001765,2026-05-04,22:00,4,regular,confirmed
R001766,2026-05-04,18:30,3,regular,confirmed
R001767,2026-05-04,22:00,12,large_group,confirmed
R001768,2026-05-05,22:00,6,regular,confirmed
R001769,2026-05-05,20:30,2,regular,confirmed
R001770,2026-05-05,20:00,6,regular,confirmed
R001771,2026-05-05,18:30,3,regular,cancelled
R001772,2026-05-05,20:00,4,regular,confirmed
R001773,2026-05-05,22:00,4,regular,confirmed
R001774,2026-05-05,20:00,2,regular,confirmed
R001775,2026-05-05,18:30,2,regular,confirmed
R001776,2026-05-06,19:00,3,regular,confirmed
R001777,2026-05-06,18:30,2,regular,cancelled
R001778,2026-05-06,19:00,4,regular,confirmed
R001779,2026-05-06,20:00,4,regular,confirmed
R001780,2026-05-07,21:00,5,regular,confirmed
R001781,2026-05-07,20:00,6,regular,confirmed
R001782,2026-05-07,20:00,5,regular,confirmed
R001783,2026-05-07,22:00,4,regular,confirmed
R001784,2026-05-07,18:30,5,regular,confirmed
R001785,2026-05-07,21:00,4,regular,confirmed
R001786,2026-05-07,18:30,2,regular,confirmed
R001787,2026-05-07,22:00,4,regular,confirmed
R001788,2026-05-08,20:30,4,regular,confirmed
R001789,2026-05-08,20:30,4,regular,confirmed
R001790,2026-05-08,18:30,2,regular,confirmed
R001791,2026-05-08,19:00,4,regular,confirmed
R001792,2026-05-08,18:30,13,large_group,confirmed
R001793,2026-05-08,20:00,4,regular,confirmed
R001794,2026-05-08,18:30,17,large_group,confirmed
R001795,2026-05-08,21:00,9,birthday,confirmed
R001796,2026-05-08,20:00,2,regular,confirmed
R001797,2026-05-08,20:30,2,regular,confirmed
R001798,2026-05-08,21:00,4,regular,confirmed
R001799,2026-05-09,18:30,4,regular,confirmed
R001800,2026-05-09,21:00,5,regular,confirmed
R001801,2026-05-09,22:00,4,regular,confirmed
R001802,2026-05-09,22:00,6,regular,cancelled
R001803,2026-05-09,20:00,2,regular,confirmed
R001804,2026-05-09,20:00,19,large_group,confirmed
R001805,2026-05-09,20:30,5,regular,confirmed
R001806,2026-05-10,21:00,4,regular,confirmed
R001807,2026-05-10,20:30,2,regular,cancelled
R001808,2026-05-11,20:30,2,regular,confirmed
R001809,2026-05-11,20:30,6,regular,confirmed
R001810,2026-05-11,22:00,6,regular,confirmed
R001811,2026-05-11,19:00,4,regular,confirmed
R001812,2026-05-11,18:30,4,regular,confirmed
R001813,2026-05-11,22:00,2,regular,confirmed
R001814,2026-05-11,20:00,2,regular,confirmed
R001815,2026-05-11,19:00,6,regular,confirmed
R001816,2026-05-12,22:00,4,regular,confirmed
R001817,2026-05-12,18:30,2,regular,confirmed
R001818,2026-05-12,18:30,5,regular,confirmed
R001819,2026-05-12,21:00,3,regular,confirmed
R001820,2026-05-12,22:00,11,birthday,confirmed
R001821,2026-05-12,18:30,2,regular,confirmed
R001822,2026-05-12,18:30,5,regular,confirmed
R001823,2026-05-13,21:00,5,regular,confirmed
R001824,2026-05-13,20:00,4,regular,confirmed
R001825,2026-05-13,21:00,2,regular,confirmed
R001826,2026-05-13,22:00,4,regular,confirmed
R001827,2026-05-13,20:30,3,regular,confirmed
R001828,2026-05-14,18:30,2,regular,confirmed
R001829,2026-05-14,20:30,2,regular,confirmed
R001830,2026-05-14,22:00,5,regular,confirmed
R001831,2026-05-14,19:00,4,regular,confirmed
R001832,2026-05-14,18:30,8,birthday,confirmed
R001833,2026-05-14,18:30,2,regular,confirmed
R001834,2026-05-14,20:30,4,regular,confirmed
R001835,2026-05-14,19:00,3,regular,confirmed
R001836,2026-05-14,18:30,2,regular,confirmed
R001837,2026-05-15,20:30,13,large_group,confirmed
R001838,2026-05-15,21:00,5,regular,confirmed
R001839,2026-05-15,18:30,5,regular,confirmed
R001840,2026-05-15,18:30,8,birthday,confirmed
R001841,2026-05-15,20:00,5,regular,confirmed
R001842,2026-05-15,22:00,4,regular,confirmed
R001843,2026-05-15,19:00,6,regular,cancelled
R001844,2026-05-15,19:00,2,regular,confirmed
R001845,2026-05-15,20:00,3,regular,confirmed
R001846,2026-05-15,21:00,4,regular,confirmed
R001847,2026-05-15,19:00,33,private_event,confirmed
R001848,2026-05-15,20:00,2,regular,confirmed
R001849,2026-05-16,20:00,3,regular,confirmed
R001850,2026-05-16,22:00,5,regular,confirmed
R001851,2026-05-16,19:00,6,regular,confirmed
R001852,2026-05-16,18:30,6,regular,confirmed
R001853,2026-05-16,20:30,2,regular,confirmed
R001854,2026-05-16,18:30,2,regular,confirmed
R001855,2026-05-16,22:00,4,regular,confirmed
R001856,2026-05-16,18:30,5,regular,confirmed
R001857,2026-05-16,20:30,6,regular,confirmed
R001858,2026-05-17,20:30,5,regular,confirmed
R001859,2026-05-17,21:00,4,regular,confirmed
R001860,2026-05-17,21:00,5,regular,confirmed
R001861,2026-05-17,22:00,4,regular,confirmed
R001862,2026-05-17,20:30,2,regular,confirmed
R001863,2026-05-17,18:30,6,regular,confirmed
R001864,2026-05-17,20:00,5,regular,confirmed
R001865,2026-05-17,20:30,5,regular,confirmed
R001866,2026-05-18,21:00,2,regular,confirmed
R001867,2026-05-18,19:00,2,regular,confirmed
R001868,2026-05-18,20:00,4,regular,confirmed
R001869,2026-05-18,20:30,40,private_event,confirmed
R001870,2026-05-19,19:00,6,regular,confirmed
R001871,2026-05-19,21:00,4,regular,confirmed
R001872,2026-05-20,21:00,2,regular,confirmed
R001873,2026-05-20,20:00,2,regular,confirmed
R001874,2026-05-20,19:00,2,regular,confirmed
R001875,2026-05-20,20:30,4,regular,confirmed
R001876,2026-05-20,22:00,2,regular,confirmed
R001877,2026-05-21,20:30,4,regular,confirmed
R001878,2026-05-21,22:00,2,regular,confirmed
R001879,2026-05-21,20:00,3,regular,confirmed
R001880,2026-05-21,20:00,3,regular,confirmed
R001881,2026-05-21,22:00,2,regular,confirmed
R001882,2026-05-21,20:30,2,regular,confirmed
R001883,2026-05-21,19:00,4,regular,confirmed
R001884,2026-05-21,21:00,2,regular,confirmed
R001885,2026-05-21,20:30,6,regular,confirmed
R001886,2026-05-22,22:00,2,regular,confirmed
R001887,2026-05-22,20:30,55,private_event,confirmed
R001888,2026-05-22,22:00,2,regular,cancelled
R001889,2026-05-22,20:00,4,regular,confirmed
R001890,2026-05-22,20:30,4,regular,confirmed
R001891,2026-05-22,20:00,3,regular,confirmed
R001892,2026-05-22,19:00,4,regular,confirmed
R001893,2026-05-22,20:00,3,regular,cancelled
R001894,2026-05-22,21:00,2,regular,confirmed
R001895,2026-05-22,20:30,3,regular,confirmed
R001896,2026-05-22,22:00,12,birthday,confirmed
R001897,2026-05-22,18:30,4,regular,confirmed
R001898,2026-05-22,18:30,5,regular,confirmed
R001899,2026-05-23,22:00,2,regular,confirmed
R001900,2026-05-23,20:00,4,regular,confirmed
R001901,2026-05-23,20:00,6,regular,confirmed
R001902,2026-05-23,21:00,5,regular,confirmed
R001903,2026-05-23,19:00,2,regular,confirmed
R001904,2026-05-23,22:00,2,regular,confirmed
R001905,2026-05-23,18:30,46,private_event,confirmed
R001906,2026-05-23,20:00,2,regular,confirmed
R001907,2026-05-24,22:00,6,regular,confirmed
R001908,2026-05-24,20:30,3,regular,confirmed
R001909,2026-05-24,18:30,3,regular,confirmed
R001910,2026-05-24,20:30,6,regular,confirmed
R001911,2026-05-24,20:00,6,regular,confirmed
R001912,2026-05-24,20:30,6,regular,confirmed
R001913,2026-05-25,21:00,2,regular,confirmed
R001914,2026-05-25,18:30,4,regular,confirmed
R001915,2026-05-25,22:00,4,regular,confirmed
R001916,2026-05-25,20:00,3,regular,confirmed
R001917,2026-05-25,20:30,4,regular,confirmed
R001918,2026-05-25,21:00,6,regular,confirmed
R001919,2026-05-25,20:00,3,regular,confirmed
R001920,2026-05-25,21:00,2,regular,confirmed
R001921,2026-05-26,21:00,4,regular,confirmed
R001922,2026-05-26,22:00,5,regular,confirmed
R001923,2026-05-26,20:30,5,regular,confirmed
R001924,2026-05-26,19:00,2,regular,confirmed
R001925,2026-05-26,19:00,55,private_event,confirmed
R001926,2026-05-27,19:00,5,regular,confirmed
R001927,2026-05-27,21:00,4,regular,confirmed
R001928,2026-05-27,19:00,3,regular,confirmed
R001929,2026-05-27,20:30,4,regular,confirmed
R001930,2026-05-28,19:00,2,regular,confirmed
R001931,2026-05-28,20:00,4,regular,confirmed
R001932,2026-05-28,22:00,2,regular,confirmed
R001933,2026-05-28,20:00,4,regular,confirmed
R001934,2026-05-28,19:00,6,regular,confirmed
R001935,2026-05-29,20:00,4,regular,confirmed
R001936,2026-05-29,22:00,4,regular,confirmed
R001937,2026-05-29,22:00,5,regular,confirmed
R001938,2026-05-29,20:00,6,regular,confirmed
R001939,2026-05-29,22:00,2,regular,confirmed
R001940,2026-05-29,20:00,2,regular,confirmed
R001941,2026-05-29,21:00,12,birthday,confirmed
R001942,2026-05-29,22:00,15,birthday,confirmed
R001943,2026-05-29,18:30,2,regular,confirmed
R001944,2026-05-29,19:00,2,regular,confirmed
R001945,2026-05-30,20:00,2,regular,confirmed
R001946,2026-05-30,18:30,16,birthday,confirmed
R001947,2026-05-30,20:30,3,regular,confirmed
R001948,2026-05-30,19:00,3,regular,confirmed
R001949,2026-05-30,22:00,3,regular,confirmed
R001950,2026-05-30,20:00,2,regular,confirmed
R001951,2026-05-30,18:30,3,regular,confirmed
R001952,2026-05-30,20:00,4,regular,confirmed
R001953,2026-05-30,22:00,4,regular,confirmed
R001954,2026-05-30,20:00,4,regular,confirmed
R001955,2026-05-30,22:00,14,birthday,confirmed
R001956,2026-05-30,20:00,4,regular,confirmed
R001957,2026-05-30,20:30,3,regular,confirmed
R001958,2026-05-30,18:30,4,regular,confirmed
R001959,2026-05-30,19:00,2,regular,cancelled
R001960,2026-05-31,20:30,5,regular,confirmed
R001961,2026-06-01,18:30,2,regular,confirmed
R001962,2026-06-01,21:00,2,regular,confirmed
R001963,2026-06-01,21:00,5,regular,confirmed
R001964,2026-06-01,22:00,5,regular,confirmed
R001965,2026-06-01,18:30,2,regular,confirmed
R001966,2026-06-01,18:30,4,regular,confirmed
R001967,2026-06-01,20:30,3,regular,confirmed
R001968,2026-06-02,21:00,6,regular,confirmed
R001969,2026-06-02,20:30,2,regular,confirmed
R001970,2026-06-02,21:00,6,regular,confirmed
R001971,2026-06-02,19:00,2,regular,confirmed
R001972,2026-06-02,19:00,2,regular,confirmed
R001973,2026-06-03,22:00,6,regular,confirmed
R001974,2026-06-03,20:30,5,regular,cancelled
R001975,2026-06-03,22:00,4,regular,confirmed
R001976,2026-06-03,20:30,5,regular,confirmed
R001977,2026-06-03,22:00,4,regular,confirmed
R001978,2026-06-04,20:00,3,regular,confirmed
R001979,2026-06-04,18:30,2,regular,confirmed
R001980,2026-06-04,19:00,6,regular,confirmed
R001981,2026-06-04,20:30,4,regular,confirmed
R001982,2026-06-04,19:00,4,regular,confirmed
R001983,2026-06-04,20:00,2,regular,confirmed
R001984,2026-06-04,22:00,4,regular,confirmed
R001985,2026-06-04,22:00,3,regular,confirmed
R001986,2026-06-04,22:00,4,regular,confirmed
R001987,2026-06-04,18:30,18,large_group,confirmed
R001988,2026-06-05,22:00,4,regular,confirmed
R001989,2026-06-05,19:00,5,regular,confirmed
R001990,2026-06-05,22:00,4,regular,confirmed
R001991,2026-06-05,18:30,6,regular,confirmed
R001992,2026-06-05,20:30,4,regular,cancelled
R001993,2026-06-05,20:00,3,regular,confirmed
R001994,2026-06-05,22:00,2,regular,confirmed
R001995,2026-06-05,18:30,6,regular,confirmed
R001996,2026-06-05,21:00,4,regular,confirmed
R001997,2026-06-05,19:00,6,regular,confirmed
R001998,2026-06-06,18:30,2,regular,confirmed
R001999,2026-06-06,20:00,6,regular,confirmed
R002000,2026-06-06,20:30,3,regular,confirmed
R002001,2026-06-06,22:00,5,regular,confirmed
R002002,2026-06-06,18:30,6,regular,confirmed
R002003,2026-06-06,18:30,5,regular,confirmed
R002004,2026-06-06,20:00,4,regular,confirmed
R002005,2026-06-06,18:30,6,regular,confirmed
R002006,2026-06-06,20:30,5,regular,confirmed
R002007,2026-06-07,22:00,8,birthday,confirmed
R002008,2026-06-07,21:00,13,large_group,confirmed
R002009,2026-06-08,19:00,2,regular,cancelled
R002010,2026-06-08,19:00,4,regular,confirmed
R002011,2026-06-08,18:30,3,regular,confirmed
R002012,2026-06-08,20:30,5,regular,confirmed
R002013,2026-06-08,22:00,5,regular,confirmed
R002014,2026-06-09,18:30,53,private_event,confirmed
R002015,2026-06-09,18:30,2,regular,confirmed
R002016,2026-06-09,20:30,3,regular,confirmed
R002017,2026-06-09,22:00,4,regular,confirmed
R002018,2026-06-09,21:00,2,regular,confirmed
R002019,2026-06-09,21:00,5,regular,confirmed
R002020,2026-06-09,22:00,10,birthday,confirmed
R002021,2026-06-10,20:30,5,regular,confirmed
R002022,2026-06-10,18:30,2,regular,confirmed
R002023,2026-06-10,22:00,2,regular,confirmed
R002024,2026-06-10,20:00,4,regular,confirmed
R002025,2026-06-11,20:00,5,regular,confirmed
R002026,2026-06-11,19:00,2,regular,confirmed
R002027,2026-06-11,20:00,2,regular,confirmed
R002028,2026-06-11,20:30,5,regular,confirmed
R002029,2026-06-11,18:30,2,regular,confirmed
R002030,2026-06-11,18:30,2,regular,confirmed
R002031,2026-06-12,19:00,16,large_group,cancelled
R002032,2026-06-12,21:00,5,regular,confirmed
R002033,2026-06-12,21:00,12,birthday,confirmed
R002034,2026-06-12,20:00,3,regular,confirmed
R002035,2026-06-12,20:00,6,regular,confirmed
R002036,2026-06-12,20:30,4,regular,confirmed
R002037,2026-06-12,20:00,2,regular,confirmed
R002038,2026-06-12,22:00,2,regular,confirmed
R002039,2026-06-12,18:30,4,regular,confirmed
R002040,2026-06-12,20:00,5,regular,confirmed
R002041,2026-06-12,21:00,2,regular,confirmed
R002042,2026-06-13,18:30,3,regular,confirmed
R002043,2026-06-13,19:00,2,regular,confirmed
R002044,2026-06-13,19:00,4,regular,confirmed
R002045,2026-06-13,21:00,3,regular,confirmed
R002046,2026-06-13,19:00,3,regular,confirmed
R002047,2026-06-13,20:00,4,regular,confirmed
R002048,2026-06-13,20:00,4,regular,confirmed
R002049,2026-06-13,20:30,2,regular,confirmed
R002050,2026-06-13,20:30,12,birthday,confirmed
R002051,2026-06-13,20:30,4,regular,confirmed
R002052,2026-06-13,20:00,6,regular,confirmed
R002053,2026-06-13,20:30,4,regular,confirmed
R002054,2026-06-13,21:00,3,regular,confirmed
R002055,2026-06-13,22:00,5,regular,confirmed
R002056,2026-06-14,18:30,5,regular,confirmed
R002057,2026-06-14,20:00,4,regular,cancelled
R002058,2026-06-14,19:00,2,regular,confirmed
R002059,2026-06-14,20:00,3,regular,confirmed
R002060,2026-06-15,20:00,5,regular,cancelled
R002061,2026-06-15,22:00,4,regular,confirmed
R002062,2026-06-15,20:00,5,regular,confirmed
R002063,2026-06-15,22:00,2,regular,confirmed
R002064,2026-06-15,18:30,6,regular,confirmed
R002065,2026-06-15,19:00,6,regular,confirmed
R002066,2026-06-15,22:00,15,birthday,confirmed
R002067,2026-06-16,21:00,5,regular,confirmed
R002068,2026-06-16,22:00,11,birthday,confirmed
R002069,2026-06-16,18:30,5,regular,confirmed
R002070,2026-06-16,20:30,2,regular,confirmed
R002071,2026-06-16,20:30,4,regular,confirmed
R002072,2026-06-16,18:30,4,regular,confirmed
R002073,2026-06-16,18:30,5,regular,confirmed
R002074,2026-06-16,20:30,3,regular,confirmed
R002075,2026-06-17,18:30,4,regular,confirmed
R002076,2026-06-17,20:30,4,regular,confirmed
R002077,2026-06-17,22:00,5,regular,confirmed
R002078,2026-06-17,20:00,6,regular,confirmed
R002079,2026-06-18,22:00,30,private_event,confirmed
R002080,2026-06-18,22:00,6,regular,confirmed
R002081,2026-06-18,20:00,6,regular,confirmed
R002082,2026-06-18,21:00,11,birthday,confirmed
R002083,2026-06-18,20:00,4,regular,confirmed
R002084,2026-06-18,20:00,3,regular,confirmed
R002085,2026-06-19,20:00,3,regular,confirmed
R002086,2026-06-19,21:00,6,regular,confirmed
R002087,2026-06-19,19:00,6,regular,confirmed
R002088,2026-06-19,20:30,3,regular,confirmed
R002089,2026-06-19,18:30,2,regular,confirmed
R002090,2026-06-19,19:00,2,regular,confirmed
R002091,2026-06-19,19:00,4,regular,confirmed
R002092,2026-06-19,19:00,5,regular,confirmed
R002093,2026-06-19,22:00,3,regular,confirmed
R002094,2026-06-19,20:30,14,birthday,confirmed
R002095,2026-06-20,20:30,6,regular,confirmed
R002096,2026-06-20,20:00,6,regular,confirmed
R002097,2026-06-20,18:30,4,regular,confirmed
R002098,2026-06-20,20:00,2,regular,confirmed
R002099,2026-06-20,19:00,2,regular,confirmed
R002100,2026-06-20,20:30,2,regular,confirmed
R002101,2026-06-20,21:00,6,regular,confirmed
R002102,2026-06-20,20:30,6,regular,confirmed
R002103,2026-06-20,22:00,2,regular,confirmed
R002104,2026-06-20,22:00,9,birthday,confirmed
