schedule_id,date,staff_id,name_en,name_he,role,station,shift_start,shift_end
SCH000001,2025-09-01,S01,Roei,רועי,shift_manager,both,18:00,03:00
SCH000002,2025-09-01,S04,Tomer,תומר,bartender,outside,18:00,03:00
SCH000003,2025-09-01,S06,Muriel,מוריאל,bartender,inside,18:00,03:00
SCH000004,2025-09-02,S02,Yael,יעל,shift_manager,both,18:00,03:00
SCH000005,2025-09-02,S04,Tomer,תומר,bartender,outside,18:00,03:00
SCH000006,2025-09-02,S03,Shir,שיר,bartender,inside,18:00,03:00
SCH000007,2025-09-03,S01,Roei,רועי,shift_manager,both,18:00,03:00
SCH000008,2025-09-03,S04,Tomer,תומר,bartender,outside,18:00,03:00
SCH000009,2025-09-03,S05,Maya,מאיה,bartender,outside,18:00,03:00
SCH000010,2025-09-04,S02,Yael,יעל,shift_manager,both,18:00,03:00
SCH000011,2025-09-04,S05,Maya,מאיה,bartender,outside,18:00,03:00
SCH000012,2025-09-04,S04,Tomer,תומר,bartender,outside,18:00,03:00
SCH000013,2025-09-04,S03,Shir,שיר,bartender,inside,18:00,03:00
SCH000014,2025-09-04,S07,Ido,עידו,barback,both,18:00,03:00
SCH000015,2025-09-05,S01,Roei,רועי,shift_manager,both,18:00,03:00
SCH000016,2025-09-05,S03,Shir,שיר,bartender,inside,18:00,03:00
SCH000017,2025-09-05,S04,Tomer,תומר,bartender,outside,18:00,03:00
SCH000018,2025-09-05,S06,Muriel,מוריאל,bartender,inside,18:00,03:00
SCH000019,2025-09-05,S07,Ido,עידו,barback,both,18:00,03:00
SCH000020,2025-09-06,S02,Yael,יעל,shift_manager,both,18:00,03:00
SCH000021,2025-09-06,S06,Muriel,מוריאל,bartender,inside,18:00,03:00
SCH000022,2025-09-06,S05,Maya,מאיה,bartender,outside,18:00,03:00
SCH000023,2025-09-06,S04,Tomer,תומר,bartender,outside,18:00,03:00
SCH000024,2025-09-06,S07,Ido,עידו,barback,both,18:00,03:00
SCH000025,2025-09-07,S01,Roei,רועי,shift_manager,both,18:00,03:00
SCH000026,2025-09-07,S06,Muriel,מוריאל,bartender,inside,18:00,03:00
SCH000027,2025-09-07,S05,Maya,מאיה,bartender,outside,18:00,03:00
SCH000028,2025-09-08,S02,Yael,יעל,shift_manager,both,18:00,03:00
SCH000029,2025-09-08,S06,Muriel,מוריאל,bartender,inside,18:00,03:00
SCH000030,2025-09-08,S03,Shir,שיר,bartender,inside,18:00,03:00
SCH000031,2025-09-09,S01,Roei,רועי,shift_manager,both,18:00,03:00
SCH000032,2025-09-09,S04,Tomer,תומר,bartender,outside,18:00,03:00
SCH000033,2025-09-09,S03,Shir,שיר,bartender,inside,18:00,03:00
SCH000034,2025-09-10,S01,Roei,רועי,shift_manager,both,18:00,03:00
SCH000035,2025-09-10,S03,Shir,שיר,bartender,inside,18:00,03:00
SCH000036,2025-09-10,S06,Muriel,מוריאל,bartender,inside,18:00,03:00
SCH000037,2025-09-11,S02,Yael,יעל,shift_manager,both,18:00,03:00
SCH000038,2025-09-11,S04,Tomer,תומר,bartender,outside,18:00,03:00
SCH000039,2025-09-11,S03,Shir,שיר,bartender,inside,18:00,03:00
SCH000040,2025-09-11,S05,Maya,מאיה,bartender,outside,18:00,03:00
SCH000041,2025-09-11,S07,Ido,עידו,barback,both,18:00,03:00
SCH000042,2025-09-12,S02,Yael,יעל,shift_manager,both,18:00,03:00
SCH000043,2025-09-12,S06,Muriel,מוריאל,bartender,inside,18:00,03:00
SCH000044,2025-09-12,S03,Shir,שיר,bartender,inside,18:00,03:00
SCH000045,2025-09-12,S04,Tomer,תומר,bartender,outside,18:00,03:00
SCH000046,2025-09-12,S07,Ido,עידו,barback,both,18:00,03:00
SCH000047,2025-09-13,S01,Roei,רועי,shift_manager,both,18:00,03:00
SCH000048,2025-09-13,S03,Shir,שיר,bartender,inside,18:00,03:00
SCH000049,2025-09-13,S06,Muriel,מוריאל,bartender,inside,18:00,03:00
SCH000050,2025-09-13,S04,Tomer,תומר,bartender,outside,18:00,03:00
SCH000051,2025-09-13,S07,Ido,עידו,barback,both,18:00,03:00
SCH000052,2025-09-14,S01,Roei,רועי,shift_manager,both,18:00,03:00
SCH000053,2025-09-14,S05,Maya,מאיה,bartender,outside,18:00,03:00
SCH000054,2025-09-14,S04,Tomer,תומר,bartender,outside,18:00,03:00
SCH000055,2025-09-15,S01,Roei,רועי,shift_manager,both,18:00,03:00
SCH000056,2025-09-15,S03,Shir,שיר,bartender,inside,18:00,03:00
SCH000057,2025-09-15,S06,Muriel,מוריאל,bartender,inside,18:00,03:00
SCH000058,2025-09-16,S02,Yael,יעל,shift_manager,both,18:00,03:00
SCH000059,2025-09-16,S04,Tomer,תומר,bartender,outside,18:00,03:00
SCH000060,2025-09-16,S05,Maya,מאיה,bartender,outside,18:00,03:00
SCH000061,2025-09-17,S01,Roei,רועי,shift_manager,both,18:00,03:00
SCH000062,2025-09-17,S05,Maya,מאיה,bartender,outside,18:00,03:00
SCH000063,2025-09-17,S06,Muriel,מוריאל,bartender,inside,18:00,03:00
SCH000064,2025-09-18,S02,Yael,יעל,shift_manager,both,18:00,03:00
SCH000065,2025-09-18,S06,Muriel,מוריאל,bartender,inside,18:00,03:00
SCH000066,2025-09-18,S05,Maya,מאיה,bartender,outside,18:00,03:00
SCH000067,2025-09-18,S03,Shir,שיר,bartender,inside,18:00,03:00
SCH000068,2025-09-18,S07,Ido,עידו,barback,both,18:00,03:00
SCH000069,2025-09-19,S01,Roei,רועי,shift_manager,both,18:00,03:00
SCH000070,2025-09-19,S04,Tomer,תומר,bartender,outside,18:00,03:00
SCH000071,2025-09-19,S05,Maya,מאיה,bartender,outside,18:00,03:00
SCH000072,2025-09-19,S03,Shir,שיר,bartender,inside,18:00,03:00
SCH000073,2025-09-19,S07,Ido,עידו,barback,both,18:00,03:00
SCH000074,2025-09-20,S01,Roei,רועי,shift_manager,both,18:00,03:00
SCH000075,2025-09-20,S06,Muriel,מוריאל,bartender,inside,18:00,03:00
SCH000076,2025-09-20,S04,Tomer,תומר,bartender,outside,18:00,03:00
SCH000077,2025-09-20,S03,Shir,שיר,bartender,inside,18:00,03:00
SCH000078,2025-09-20,S07,Ido,עידו,barback,both,18:00,03:00
SCH000079,2025-09-21,S01,Roei,רועי,shift_manager,both,18:00,03:00
SCH000080,2025-09-21,S05,Maya,מאיה,bartender,outside,18:00,03:00
SCH000081,2025-09-21,S04,Tomer,תומר,bartender,outside,18:00,03:00
SCH000082,2025-09-22,S02,Yael,יעל,shift_manager,both,18:00,03:00
SCH000083,2025-09-22,S04,Tomer,תומר,bartender,outside,18:00,03:00
SCH000084,2025-09-22,S05,Maya,מאיה,bartender,outside,18:00,03:00
SCH000085,2025-09-23,S02,Yael,יעל,shift_manager,both,18:00,03:00
SCH000086,2025-09-23,S06,Muriel,מוריאל,bartender,inside,18:00,03:00
SCH000087,2025-09-23,S04,Tomer,תומר,bartender,outside,18:00,03:00
SCH000088,2025-09-24,S02,Yael,יעל,shift_manager,both,18:00,03:00
SCH000089,2025-09-24,S04,Tomer,תומר,bartender,outside,18:00,03:00
SCH000090,2025-09-24,S03,Shir,שיר,bartender,inside,18:00,03:00
SCH000091,2025-09-25,S01,Roei,רועי,shift_manager,both,18:00,03:00
SCH000092,2025-09-25,S05,Maya,מאיה,bartender,outside,18:00,03:00
SCH000093,2025-09-25,S03,Shir,שיר,bartender,inside,18:00,03:00
SCH000094,2025-09-25,S06,Muriel,מוריאל,bartender,inside,18:00,03:00
SCH000095,2025-09-25,S07,Ido,עידו,barback,both,18:00,03:00
SCH000096,2025-09-26,S01,Roei,רועי,shift_manager,both,18:00,03:00
SCH000097,2025-09-26,S03,Shir,שיר,bartender,inside,18:00,03:00
SCH000098,2025-09-26,S05,Maya,מאיה,bartender,outside,18:00,03:00
SCH000099,2025-09-26,S04,Tomer,תומר,bartender,outside,18:00,03:00
SCH000100,2025-09-26,S07,Ido,עידו,barback,both,18:00,03:00
SCH000101,2025-09-27,S01,Roei,רועי,shift_manager,both,18:00,03:00
SCH000102,2025-09-27,S06,Muriel,מוריאל,bartender,inside,18:00,03:00
SCH000103,2025-09-27,S05,Maya,מאיה,bartender,outside,18:00,03:00
SCH000104,2025-09-27,S03,Shir,שיר,bartender,inside,18:00,03:00
SCH000105,2025-09-27,S07,Ido,עידו,barback,both,18:00,03:00
SCH000106,2025-09-28,S02,Yael,יעל,shift_manager,both,18:00,03:00
SCH000107,2025-09-28,S03,Shir,שיר,bartender,inside,18:00,03:00
SCH000108,2025-09-28,S04,Tomer,תומר,bartender,outside,18:00,03:00
SCH000109,2025-09-29,S02,Yael,יעל,shift_manager,both,18:00,03:00
SCH000110,2025-09-29,S06,Muriel,מוריאל,bartender,inside,18:00,03:00
SCH000111,2025-09-29,S05,Maya,מאיה,bartender,outside,18:00,03:00
SCH000112,2025-09-30,S02,Yael,יעל,shift_manager,both,18:00,03:00
SCH000113,2025-09-30,S03,Shir,שיר,bartender,inside,18:00,03:00
SCH000114,2025-09-30,S04,Tomer,תומר,bartender,outside,18:00,03:00
SCH000115,2025-10-01,S01,Roei,רועי,shift_manager,both,18:00,03:00
SCH000116,2025-10-01,S05,Maya,מאיה,bartender,outside,18:00,03:00
SCH000117,2025-10-01,S04,Tomer,תומר,bartender,outside,18:00,03:00
SCH000118,2025-10-02,S02,Yael,יעל,shift_manager,both,18:00,03:00
SCH000119,2025-10-02,S05,Maya,מאיה,bartender,outside,18:00,03:00
SCH000120,2025-10-02,S06,Muriel,מוריאל,bartender,inside,18:00,03:00
SCH000121,2025-10-02,S03,Shir,שיר,bartender,inside,18:00,03:00
SCH000122,2025-10-02,S07,Ido,עידו,barback,both,18:00,03:00
SCH000123,2025-10-03,S01,Roei,רועי,shift_manager,both,18:00,03:00
SCH000124,2025-10-03,S06,Muriel,מוריאל,bartender,inside,18:00,03:00
SCH000125,2025-10-03,S04,Tomer,תומר,bartender,outside,18:00,03:00
SCH000126,2025-10-03,S05,Maya,מאיה,bartender,outside,18:00,03:00
SCH000127,2025-10-03,S07,Ido,עידו,barback,both,18:00,03:00
SCH000128,2025-10-04,S01,Roei,רועי,shift_manager,both,18:00,03:00
SCH000129,2025-10-04,S06,Muriel,מוריאל,bartender,inside,18:00,03:00
SCH000130,2025-10-04,S04,Tomer,תומר,bartender,outside,18:00,03:00
SCH000131,2025-10-04,S05,Maya,מאיה,bartender,outside,18:00,03:00
SCH000132,2025-10-04,S07,Ido,עידו,barback,both,18:00,03:00
SCH000133,2025-10-05,S02,Yael,יעל,shift_manager,both,18:00,03:00
SCH000134,2025-10-05,S03,Shir,שיר,bartender,inside,18:00,03:00
SCH000135,2025-10-05,S04,Tomer,תומר,bartender,outside,18:00,03:00
SCH000136,2025-10-06,S02,Yael,יעל,shift_manager,both,18:00,03:00
SCH000137,2025-10-06,S04,Tomer,תומר,bartender,outside,18:00,03:00
SCH000138,2025-10-06,S03,Shir,שיר,bartender,inside,18:00,03:00
SCH000139,2025-10-07,S02,Yael,יעל,shift_manager,both,18:00,03:00
SCH000140,2025-10-07,S06,Muriel,מוריאל,bartender,inside,18:00,03:00
SCH000141,2025-10-07,S04,Tomer,תומר,bartender,outside,18:00,03:00
SCH000142,2025-10-08,S02,Yael,יעל,shift_manager,both,18:00,03:00
SCH000143,2025-10-08,S06,Muriel,מוריאל,bartender,inside,18:00,03:00
SCH000144,2025-10-08,S03,Shir,שיר,bartender,inside,18:00,03:00
SCH000145,2025-10-09,S01,Roei,רועי,shift_manager,both,18:00,03:00
SCH000146,2025-10-09,S06,Muriel,מוריאל,bartender,inside,18:00,03:00
SCH000147,2025-10-09,S05,Maya,מאיה,bartender,outside,18:00,03:00
SCH000148,2025-10-09,S03,Shir,שיר,bartender,inside,18:00,03:00
SCH000149,2025-10-09,S07,Ido,עידו,barback,both,18:00,03:00
SCH000150,2025-10-10,S01,Roei,רועי,shift_manager,both,18:00,03:00
SCH000151,2025-10-10,S05,Maya,מאיה,bartender,outside,18:00,03:00
SCH000152,2025-10-10,S04,Tomer,תומר,bartender,outside,18:00,03:00
SCH000153,2025-10-10,S06,Muriel,מוריאל,bartender,inside,18:00,03:00
SCH000154,2025-10-10,S07,Ido,עידו,barback,both,18:00,03:00
SCH000155,2025-10-11,S01,Roei,רועי,shift_manager,both,18:00,03:00
SCH000156,2025-10-11,S05,Maya,מאיה,bartender,outside,18:00,03:00
SCH000157,2025-10-11,S03,Shir,שיר,bartender,inside,18:00,03:00
SCH000158,2025-10-11,S06,Muriel,מוריאל,bartender,inside,18:00,03:00
SCH000159,2025-10-11,S07,Ido,עידו,barback,both,18:00,03:00
SCH000160,2025-10-12,S02,Yael,יעל,shift_manager,both,18:00,03:00
SCH000161,2025-10-12,S05,Maya,מאיה,bartender,outside,18:00,03:00
SCH000162,2025-10-12,S03,Shir,שיר,bartender,inside,18:00,03:00
SCH000163,2025-10-13,S01,Roei,רועי,shift_manager,both,18:00,03:00
SCH000164,2025-10-13,S03,Shir,שיר,bartender,inside,18:00,03:00
SCH000165,2025-10-13,S05,Maya,מאיה,bartender,outside,18:00,03:00
SCH000166,2025-10-14,S02,Yael,יעל,shift_manager,both,18:00,03:00
SCH000167,2025-10-14,S05,Maya,מאיה,bartender,outside,18:00,03:00
SCH000168,2025-10-14,S03,Shir,שיר,bartender,inside,18:00,03:00
SCH000169,2025-10-15,S01,Roei,רועי,shift_manager,both,18:00,03:00
SCH000170,2025-10-15,S06,Muriel,מוריאל,bartender,inside,18:00,03:00
SCH000171,2025-10-15,S03,Shir,שיר,bartender,inside,18:00,03:00
SCH000172,2025-10-16,S02,Yael,יעל,shift_manager,both,18:00,03:00
SCH000173,2025-10-16,S03,Shir,שיר,bartender,inside,18:00,03:00
SCH000174,2025-10-16,S06,Muriel,מוריאל,bartender,inside,18:00,03:00
SCH000175,2025-10-16,S05,Maya,מאיה,bartender,outside,18:00,03:00
SCH000176,2025-10-16,S07,Ido,עידו,barback,both,18:00,03:00
SCH000177,2025-10-17,S02,Yael,יעל,shift_manager,both,18:00,03:00
SCH000178,2025-10-17,S03,Shir,שיר,bartender,inside,18:00,03:00
SCH000179,2025-10-17,S06,Muriel,מוריאל,bartender,inside,18:00,03:00
SCH000180,2025-10-17,S05,Maya,מאיה,bartender,outside,18:00,03:00
SCH000181,2025-10-17,S07,Ido,עידו,barback,both,18:00,03:00
SCH000182,2025-10-18,S01,Roei,רועי,shift_manager,both,18:00,03:00
SCH000183,2025-10-18,S03,Shir,שיר,bartender,inside,18:00,03:00
SCH000184,2025-10-18,S06,Muriel,מוריאל,bartender,inside,18:00,03:00
SCH000185,2025-10-18,S04,Tomer,תומר,bartender,outside,18:00,03:00
SCH000186,2025-10-18,S07,Ido,עידו,barback,both,18:00,03:00
SCH000187,2025-10-19,S02,Yael,יעל,shift_manager,both,18:00,03:00
SCH000188,2025-10-19,S04,Tomer,תומר,bartender,outside,18:00,03:00
SCH000189,2025-10-19,S05,Maya,מאיה,bartender,outside,18:00,03:00
SCH000190,2025-10-20,S01,Roei,רועי,shift_manager,both,18:00,03:00
SCH000191,2025-10-20,S03,Shir,שיר,bartender,inside,18:00,03:00
SCH000192,2025-10-20,S06,Muriel,מוריאל,bartender,inside,18:00,03:00
SCH000193,2025-10-21,S01,Roei,רועי,shift_manager,both,18:00,03:00
SCH000194,2025-10-21,S03,Shir,שיר,bartender,inside,18:00,03:00
SCH000195,2025-10-21,S05,Maya,מאיה,bartender,outside,18:00,03:00
SCH000196,2025-10-22,S02,Yael,יעל,shift_manager,both,18:00,03:00
SCH000197,2025-10-22,S06,Muriel,מוריאל,bartender,inside,18:00,03:00
SCH000198,2025-10-22,S05,Maya,מאיה,bartender,outside,18:00,03:00
SCH000199,2025-10-23,S02,Yael,יעל,shift_manager,both,18:00,03:00
SCH000200,2025-10-23,S06,Muriel,מוריאל,bartender,inside,18:00,03:00
SCH000201,2025-10-23,S03,Shir,שיר,bartender,inside,18:00,03:00
SCH000202,2025-10-23,S05,Maya,מאיה,bartender,outside,18:00,03:00
SCH000203,2025-10-23,S07,Ido,עידו,barback,both,18:00,03:00
SCH000204,2025-10-24,S01,Roei,רועי,shift_manager,both,18:00,03:00
SCH000205,2025-10-24,S06,Muriel,מוריאל,bartender,inside,18:00,03:00
SCH000206,2025-10-24,S05,Maya,מאיה,bartender,outside,18:00,03:00
SCH000207,2025-10-24,S04,Tomer,תומר,bartender,outside,18:00,03:00
SCH000208,2025-10-24,S07,Ido,עידו,barback,both,18:00,03:00
SCH000209,2025-10-25,S01,Roei,רועי,shift_manager,both,18:00,03:00
SCH000210,2025-10-25,S04,Tomer,תומר,bartender,outside,18:00,03:00
SCH000211,2025-10-25,S03,Shir,שיר,bartender,inside,18:00,03:00
SCH000212,2025-10-25,S06,Muriel,מוריאל,bartender,inside,18:00,03:00
SCH000213,2025-10-25,S07,Ido,עידו,barback,both,18:00,03:00
SCH000214,2025-10-26,S02,Yael,יעל,shift_manager,both,18:00,03:00
SCH000215,2025-10-26,S03,Shir,שיר,bartender,inside,18:00,03:00
SCH000216,2025-10-26,S06,Muriel,מוריאל,bartender,inside,18:00,03:00
SCH000217,2025-10-27,S02,Yael,יעל,shift_manager,both,18:00,03:00
SCH000218,2025-10-27,S03,Shir,שיר,bartender,inside,18:00,03:00
SCH000219,2025-10-27,S05,Maya,מאיה,bartender,outside,18:00,03:00
SCH000220,2025-10-28,S01,Roei,רועי,shift_manager,both,18:00,03:00
SCH000221,2025-10-28,S06,Muriel,מוריאל,bartender,inside,18:00,03:00
SCH000222,2025-10-28,S05,Maya,מאיה,bartender,outside,18:00,03:00
SCH000223,2025-10-29,S02,Yael,יעל,shift_manager,both,18:00,03:00
SCH000224,2025-10-29,S06,Muriel,מוריאל,bartender,inside,18:00,03:00
SCH000225,2025-10-29,S03,Shir,שיר,bartender,inside,18:00,03:00
SCH000226,2025-10-30,S01,Roei,רועי,shift_manager,both,18:00,03:00
SCH000227,2025-10-30,S05,Maya,מאיה,bartender,outside,18:00,03:00
SCH000228,2025-10-30,S03,Shir,שיר,bartender,inside,18:00,03:00
SCH000229,2025-10-30,S06,Muriel,מוריאל,bartender,inside,18:00,03:00
SCH000230,2025-10-30,S02,Yael,יעל,shift_manager,both,18:00,03:00
SCH000231,2025-10-30,S07,Ido,עידו,barback,both,18:00,03:00
SCH000232,2025-10-31,S01,Roei,רועי,shift_manager,both,18:00,03:00
SCH000233,2025-10-31,S03,Shir,שיר,bartender,inside,18:00,03:00
SCH000234,2025-10-31,S04,Tomer,תומר,bartender,outside,18:00,03:00
SCH000235,2025-10-31,S06,Muriel,מוריאל,bartender,inside,18:00,03:00
SCH000236,2025-10-31,S07,Ido,עידו,barback,both,18:00,03:00
SCH000237,2025-11-01,S02,Yael,יעל,shift_manager,both,18:00,03:00
SCH000238,2025-11-01,S06,Muriel,מוריאל,bartender,inside,18:00,03:00
SCH000239,2025-11-01,S04,Tomer,תומר,bartender,outside,18:00,03:00
SCH000240,2025-11-01,S03,Shir,שיר,bartender,inside,18:00,03:00
SCH000241,2025-11-01,S07,Ido,עידו,barback,both,18:00,03:00
SCH000242,2025-11-02,S01,Roei,רועי,shift_manager,both,18:00,03:00
SCH000243,2025-11-02,S06,Muriel,מוריאל,bartender,inside,18:00,03:00
SCH000244,2025-11-02,S04,Tomer,תומר,bartender,outside,18:00,03:00
SCH000245,2025-11-03,S01,Roei,רועי,shift_manager,both,18:00,03:00
SCH000246,2025-11-03,S03,Shir,שיר,bartender,inside,18:00,03:00
SCH000247,2025-11-03,S04,Tomer,תומר,bartender,outside,18:00,03:00
SCH000248,2025-11-04,S02,Yael,יעל,shift_manager,both,18:00,03:00
SCH000249,2025-11-04,S05,Maya,מאיה,bartender,outside,18:00,03:00
SCH000250,2025-11-04,S03,Shir,שיר,bartender,inside,18:00,03:00
SCH000251,2025-11-05,S01,Roei,רועי,shift_manager,both,18:00,03:00
SCH000252,2025-11-05,S06,Muriel,מוריאל,bartender,inside,18:00,03:00
SCH000253,2025-11-05,S05,Maya,מאיה,bartender,outside,18:00,03:00
SCH000254,2025-11-06,S02,Yael,יעל,shift_manager,both,18:00,03:00
SCH000255,2025-11-06,S03,Shir,שיר,bartender,inside,18:00,03:00
SCH000256,2025-11-06,S05,Maya,מאיה,bartender,outside,18:00,03:00
SCH000257,2025-11-06,S06,Muriel,מוריאל,bartender,inside,18:00,03:00
SCH000258,2025-11-06,S07,Ido,עידו,barback,both,18:00,03:00
SCH000259,2025-11-07,S02,Yael,יעל,shift_manager,both,18:00,03:00
SCH000260,2025-11-07,S06,Muriel,מוריאל,bartender,inside,18:00,03:00
SCH000261,2025-11-07,S04,Tomer,תומר,bartender,outside,18:00,03:00
SCH000262,2025-11-07,S03,Shir,שיר,bartender,inside,18:00,03:00
SCH000263,2025-11-07,S07,Ido,עידו,barback,both,18:00,03:00
SCH000264,2025-11-08,S01,Roei,רועי,shift_manager,both,18:00,03:00
SCH000265,2025-11-08,S03,Shir,שיר,bartender,inside,18:00,03:00
SCH000266,2025-11-08,S05,Maya,מאיה,bartender,outside,18:00,03:00
SCH000267,2025-11-08,S04,Tomer,תומר,bartender,outside,18:00,03:00
SCH000268,2025-11-08,S07,Ido,עידו,barback,both,18:00,03:00
SCH000269,2025-11-09,S02,Yael,יעל,shift_manager,both,18:00,03:00
SCH000270,2025-11-09,S05,Maya,מאיה,bartender,outside,18:00,03:00
SCH000271,2025-11-09,S06,Muriel,מוריאל,bartender,inside,18:00,03:00
SCH000272,2025-11-10,S01,Roei,רועי,shift_manager,both,18:00,03:00
SCH000273,2025-11-10,S03,Shir,שיר,bartender,inside,18:00,03:00
SCH000274,2025-11-10,S05,Maya,מאיה,bartender,outside,18:00,03:00
SCH000275,2025-11-11,S01,Roei,רועי,shift_manager,both,18:00,03:00
SCH000276,2025-11-11,S06,Muriel,מוריאל,bartender,inside,18:00,03:00
SCH000277,2025-11-11,S05,Maya,מאיה,bartender,outside,18:00,03:00
SCH000278,2025-11-12,S01,Roei,רועי,shift_manager,both,18:00,03:00
SCH000279,2025-11-12,S04,Tomer,תומר,bartender,outside,18:00,03:00
SCH000280,2025-11-12,S05,Maya,מאיה,bartender,outside,18:00,03:00
SCH000281,2025-11-13,S01,Roei,רועי,shift_manager,both,18:00,03:00
SCH000282,2025-11-13,S03,Shir,שיר,bartender,inside,18:00,03:00
SCH000283,2025-11-13,S05,Maya,מאיה,bartender,outside,18:00,03:00
SCH000284,2025-11-13,S06,Muriel,מוריאל,bartender,inside,18:00,03:00
SCH000285,2025-11-13,S07,Ido,עידו,barback,both,18:00,03:00
SCH000286,2025-11-14,S01,Roei,רועי,shift_manager,both,18:00,03:00
SCH000287,2025-11-14,S06,Muriel,מוריאל,bartender,inside,18:00,03:00
SCH000288,2025-11-14,S04,Tomer,תומר,bartender,outside,18:00,03:00
SCH000289,2025-11-14,S05,Maya,מאיה,bartender,outside,18:00,03:00
SCH000290,2025-11-14,S07,Ido,עידו,barback,both,18:00,03:00
SCH000291,2025-11-15,S01,Roei,רועי,shift_manager,both,18:00,03:00
SCH000292,2025-11-15,S06,Muriel,מוריאל,bartender,inside,18:00,03:00
SCH000293,2025-11-15,S04,Tomer,תומר,bartender,outside,18:00,03:00
SCH000294,2025-11-15,S03,Shir,שיר,bartender,inside,18:00,03:00
SCH000295,2025-11-15,S07,Ido,עידו,barback,both,18:00,03:00
SCH000296,2025-11-16,S01,Roei,רועי,shift_manager,both,18:00,03:00
SCH000297,2025-11-16,S06,Muriel,מוריאל,bartender,inside,18:00,03:00
SCH000298,2025-11-16,S04,Tomer,תומר,bartender,outside,18:00,03:00
SCH000299,2025-11-17,S01,Roei,רועי,shift_manager,both,18:00,03:00
SCH000300,2025-11-17,S06,Muriel,מוריאל,bartender,inside,18:00,03:00
SCH000301,2025-11-17,S05,Maya,מאיה,bartender,outside,18:00,03:00
SCH000302,2025-11-18,S02,Yael,יעל,shift_manager,both,18:00,03:00
SCH000303,2025-11-18,S06,Muriel,מוריאל,bartender,inside,18:00,03:00
SCH000304,2025-11-18,S03,Shir,שיר,bartender,inside,18:00,03:00
SCH000305,2025-11-19,S01,Roei,רועי,shift_manager,both,18:00,03:00
SCH000306,2025-11-19,S06,Muriel,מוריאל,bartender,inside,18:00,03:00
SCH000307,2025-11-19,S05,Maya,מאיה,bartender,outside,18:00,03:00
SCH000308,2025-11-20,S01,Roei,רועי,shift_manager,both,18:00,03:00
SCH000309,2025-11-20,S06,Muriel,מוריאל,bartender,inside,18:00,03:00
SCH000310,2025-11-20,S03,Shir,שיר,bartender,inside,18:00,03:00
SCH000311,2025-11-20,S05,Maya,מאיה,bartender,outside,18:00,03:00
SCH000312,2025-11-20,S07,Ido,עידו,barback,both,18:00,03:00
SCH000313,2025-11-21,S02,Yael,יעל,shift_manager,both,18:00,03:00
SCH000314,2025-11-21,S06,Muriel,מוריאל,bartender,inside,18:00,03:00
SCH000315,2025-11-21,S05,Maya,מאיה,bartender,outside,18:00,03:00
SCH000316,2025-11-21,S03,Shir,שיר,bartender,inside,18:00,03:00
SCH000317,2025-11-21,S07,Ido,עידו,barback,both,18:00,03:00
SCH000318,2025-11-22,S02,Yael,יעל,shift_manager,both,18:00,03:00
SCH000319,2025-11-22,S06,Muriel,מוריאל,bartender,inside,18:00,03:00
SCH000320,2025-11-22,S05,Maya,מאיה,bartender,outside,18:00,03:00
SCH000321,2025-11-22,S04,Tomer,תומר,bartender,outside,18:00,03:00
SCH000322,2025-11-22,S07,Ido,עידו,barback,both,18:00,03:00
SCH000323,2025-11-23,S01,Roei,רועי,shift_manager,both,18:00,03:00
SCH000324,2025-11-23,S06,Muriel,מוריאל,bartender,inside,18:00,03:00
SCH000325,2025-11-23,S05,Maya,מאיה,bartender,outside,18:00,03:00
SCH000326,2025-11-24,S02,Yael,יעל,shift_manager,both,18:00,03:00
SCH000327,2025-11-24,S06,Muriel,מוריאל,bartender,inside,18:00,03:00
SCH000328,2025-11-24,S04,Tomer,תומר,bartender,outside,18:00,03:00
SCH000329,2025-11-25,S02,Yael,יעל,shift_manager,both,18:00,03:00
SCH000330,2025-11-25,S06,Muriel,מוריאל,bartender,inside,18:00,03:00
SCH000331,2025-11-25,S03,Shir,שיר,bartender,inside,18:00,03:00
SCH000332,2025-11-26,S02,Yael,יעל,shift_manager,both,18:00,03:00
SCH000333,2025-11-26,S06,Muriel,מוריאל,bartender,inside,18:00,03:00
SCH000334,2025-11-26,S04,Tomer,תומר,bartender,outside,18:00,03:00
SCH000335,2025-11-27,S01,Roei,רועי,shift_manager,both,18:00,03:00
SCH000336,2025-11-27,S06,Muriel,מוריאל,bartender,inside,18:00,03:00
SCH000337,2025-11-27,S03,Shir,שיר,bartender,inside,18:00,03:00
SCH000338,2025-11-27,S04,Tomer,תומר,bartender,outside,18:00,03:00
SCH000339,2025-11-27,S07,Ido,עידו,barback,both,18:00,03:00
SCH000340,2025-11-28,S01,Roei,רועי,shift_manager,both,18:00,03:00
SCH000341,2025-11-28,S06,Muriel,מוריאל,bartender,inside,18:00,03:00
SCH000342,2025-11-28,S05,Maya,מאיה,bartender,outside,18:00,03:00
SCH000343,2025-11-28,S03,Shir,שיר,bartender,inside,18:00,03:00
SCH000344,2025-11-28,S07,Ido,עידו,barback,both,18:00,03:00
SCH000345,2025-11-29,S01,Roei,רועי,shift_manager,both,18:00,03:00
SCH000346,2025-11-29,S03,Shir,שיר,bartender,inside,18:00,03:00
SCH000347,2025-11-29,S05,Maya,מאיה,bartender,outside,18:00,03:00
SCH000348,2025-11-29,S06,Muriel,מוריאל,bartender,inside,18:00,03:00
SCH000349,2025-11-29,S07,Ido,עידו,barback,both,18:00,03:00
SCH000350,2025-11-30,S02,Yael,יעל,shift_manager,both,18:00,03:00
SCH000351,2025-11-30,S05,Maya,מאיה,bartender,outside,18:00,03:00
SCH000352,2025-11-30,S06,Muriel,מוריאל,bartender,inside,18:00,03:00
SCH000353,2025-12-01,S02,Yael,יעל,shift_manager,both,18:00,03:00
SCH000354,2025-12-01,S05,Maya,מאיה,bartender,outside,18:00,03:00
SCH000355,2025-12-01,S06,Muriel,מוריאל,bartender,inside,18:00,03:00
SCH000356,2025-12-02,S02,Yael,יעל,shift_manager,both,18:00,03:00
SCH000357,2025-12-02,S06,Muriel,מוריאל,bartender,inside,18:00,03:00
SCH000358,2025-12-02,S03,Shir,שיר,bartender,inside,18:00,03:00
SCH000359,2025-12-03,S02,Yael,יעל,shift_manager,both,18:00,03:00
SCH000360,2025-12-03,S05,Maya,מאיה,bartender,outside,18:00,03:00
SCH000361,2025-12-03,S06,Muriel,מוריאל,bartender,inside,18:00,03:00
SCH000362,2025-12-04,S01,Roei,רועי,shift_manager,both,18:00,03:00
SCH000363,2025-12-04,S03,Shir,שיר,bartender,inside,18:00,03:00
SCH000364,2025-12-04,S05,Maya,מאיה,bartender,outside,18:00,03:00
SCH000365,2025-12-04,S06,Muriel,מוריאל,bartender,inside,18:00,03:00
SCH000366,2025-12-04,S07,Ido,עידו,barback,both,18:00,03:00
SCH000367,2025-12-05,S02,Yael,יעל,shift_manager,both,18:00,03:00
SCH000368,2025-12-05,S05,Maya,מאיה,bartender,outside,18:00,03:00
SCH000369,2025-12-05,S04,Tomer,תומר,bartender,outside,18:00,03:00
SCH000370,2025-12-05,S03,Shir,שיר,bartender,inside,18:00,03:00
SCH000371,2025-12-05,S07,Ido,עידו,barback,both,18:00,03:00
SCH000372,2025-12-06,S02,Yael,יעל,shift_manager,both,18:00,03:00
SCH000373,2025-12-06,S05,Maya,מאיה,bartender,outside,18:00,03:00
SCH000374,2025-12-06,S04,Tomer,תומר,bartender,outside,18:00,03:00
SCH000375,2025-12-06,S03,Shir,שיר,bartender,inside,18:00,03:00
SCH000376,2025-12-06,S07,Ido,עידו,barback,both,18:00,03:00
SCH000377,2025-12-07,S02,Yael,יעל,shift_manager,both,18:00,03:00
SCH000378,2025-12-07,S06,Muriel,מוריאל,bartender,inside,18:00,03:00
SCH000379,2025-12-07,S04,Tomer,תומר,bartender,outside,18:00,03:00
SCH000380,2025-12-08,S02,Yael,יעל,shift_manager,both,18:00,03:00
SCH000381,2025-12-08,S03,Shir,שיר,bartender,inside,18:00,03:00
SCH000382,2025-12-08,S06,Muriel,מוריאל,bartender,inside,18:00,03:00
SCH000383,2025-12-09,S02,Yael,יעל,shift_manager,both,18:00,03:00
SCH000384,2025-12-09,S06,Muriel,מוריאל,bartender,inside,18:00,03:00
SCH000385,2025-12-09,S03,Shir,שיר,bartender,inside,18:00,03:00
SCH000386,2025-12-10,S02,Yael,יעל,shift_manager,both,18:00,03:00
SCH000387,2025-12-10,S03,Shir,שיר,bartender,inside,18:00,03:00
SCH000388,2025-12-10,S06,Muriel,מוריאל,bartender,inside,18:00,03:00
SCH000389,2025-12-11,S02,Yael,יעל,shift_manager,both,18:00,03:00
SCH000390,2025-12-11,S05,Maya,מאיה,bartender,outside,18:00,03:00
SCH000391,2025-12-11,S04,Tomer,תומר,bartender,outside,18:00,03:00
SCH000392,2025-12-11,S03,Shir,שיר,bartender,inside,18:00,03:00
SCH000393,2025-12-11,S07,Ido,עידו,barback,both,18:00,03:00
SCH000394,2025-12-12,S01,Roei,רועי,shift_manager,both,18:00,03:00
SCH000395,2025-12-12,S06,Muriel,מוריאל,bartender,inside,18:00,03:00
SCH000396,2025-12-12,S05,Maya,מאיה,bartender,outside,18:00,03:00
SCH000397,2025-12-12,S03,Shir,שיר,bartender,inside,18:00,03:00
SCH000398,2025-12-12,S07,Ido,עידו,barback,both,18:00,03:00
SCH000399,2025-12-13,S02,Yael,יעל,shift_manager,both,18:00,03:00
SCH000400,2025-12-13,S06,Muriel,מוריאל,bartender,inside,18:00,03:00
SCH000401,2025-12-13,S04,Tomer,תומר,bartender,outside,18:00,03:00
SCH000402,2025-12-13,S03,Shir,שיר,bartender,inside,18:00,03:00
SCH000403,2025-12-13,S07,Ido,עידו,barback,both,18:00,03:00
SCH000404,2025-12-14,S01,Roei,רועי,shift_manager,both,18:00,03:00
SCH000405,2025-12-14,S03,Shir,שיר,bartender,inside,18:00,03:00
SCH000406,2025-12-14,S05,Maya,מאיה,bartender,outside,18:00,03:00
SCH000407,2025-12-15,S01,Roei,רועי,shift_manager,both,18:00,03:00
SCH000408,2025-12-15,S06,Muriel,מוריאל,bartender,inside,18:00,03:00
SCH000409,2025-12-15,S04,Tomer,תומר,bartender,outside,18:00,03:00
SCH000410,2025-12-16,S01,Roei,רועי,shift_manager,both,18:00,03:00
SCH000411,2025-12-16,S04,Tomer,תומר,bartender,outside,18:00,03:00
SCH000412,2025-12-16,S05,Maya,מאיה,bartender,outside,18:00,03:00
SCH000413,2025-12-17,S02,Yael,יעל,shift_manager,both,18:00,03:00
SCH000414,2025-12-17,S05,Maya,מאיה,bartender,outside,18:00,03:00
SCH000415,2025-12-17,S06,Muriel,מוריאל,bartender,inside,18:00,03:00
SCH000416,2025-12-18,S02,Yael,יעל,shift_manager,both,18:00,03:00
SCH000417,2025-12-18,S04,Tomer,תומר,bartender,outside,18:00,03:00
SCH000418,2025-12-18,S03,Shir,שיר,bartender,inside,18:00,03:00
SCH000419,2025-12-18,S06,Muriel,מוריאל,bartender,inside,18:00,03:00
SCH000420,2025-12-18,S07,Ido,עידו,barback,both,18:00,03:00
SCH000421,2025-12-19,S02,Yael,יעל,shift_manager,both,18:00,03:00
SCH000422,2025-12-19,S03,Shir,שיר,bartender,inside,18:00,03:00
SCH000423,2025-12-19,S05,Maya,מאיה,bartender,outside,18:00,03:00
SCH000424,2025-12-19,S06,Muriel,מוריאל,bartender,inside,18:00,03:00
SCH000425,2025-12-19,S07,Ido,עידו,barback,both,18:00,03:00
SCH000426,2025-12-20,S01,Roei,רועי,shift_manager,both,18:00,03:00
SCH000427,2025-12-20,S03,Shir,שיר,bartender,inside,18:00,03:00
SCH000428,2025-12-20,S06,Muriel,מוריאל,bartender,inside,18:00,03:00
SCH000429,2025-12-20,S05,Maya,מאיה,bartender,outside,18:00,03:00
SCH000430,2025-12-20,S07,Ido,עידו,barback,both,18:00,03:00
SCH000431,2025-12-21,S01,Roei,רועי,shift_manager,both,18:00,03:00
SCH000432,2025-12-21,S06,Muriel,מוריאל,bartender,inside,18:00,03:00
SCH000433,2025-12-21,S03,Shir,שיר,bartender,inside,18:00,03:00
SCH000434,2025-12-22,S01,Roei,רועי,shift_manager,both,18:00,03:00
SCH000435,2025-12-22,S05,Maya,מאיה,bartender,outside,18:00,03:00
SCH000436,2025-12-22,S06,Muriel,מוריאל,bartender,inside,18:00,03:00
SCH000437,2025-12-23,S01,Roei,רועי,shift_manager,both,18:00,03:00
SCH000438,2025-12-23,S06,Muriel,מוריאל,bartender,inside,18:00,03:00
SCH000439,2025-12-23,S03,Shir,שיר,bartender,inside,18:00,03:00
SCH000440,2025-12-24,S01,Roei,רועי,shift_manager,both,18:00,03:00
SCH000441,2025-12-24,S05,Maya,מאיה,bartender,outside,18:00,03:00
SCH000442,2025-12-24,S03,Shir,שיר,bartender,inside,18:00,03:00
SCH000443,2025-12-25,S01,Roei,רועי,shift_manager,both,18:00,03:00
SCH000444,2025-12-25,S03,Shir,שיר,bartender,inside,18:00,03:00
SCH000445,2025-12-25,S04,Tomer,תומר,bartender,outside,18:00,03:00
SCH000446,2025-12-25,S06,Muriel,מוריאל,bartender,inside,18:00,03:00
SCH000447,2025-12-25,S07,Ido,עידו,barback,both,18:00,03:00
SCH000448,2025-12-26,S02,Yael,יעל,shift_manager,both,18:00,03:00
SCH000449,2025-12-26,S05,Maya,מאיה,bartender,outside,18:00,03:00
SCH000450,2025-12-26,S06,Muriel,מוריאל,bartender,inside,18:00,03:00
SCH000451,2025-12-26,S03,Shir,שיר,bartender,inside,18:00,03:00
SCH000452,2025-12-26,S07,Ido,עידו,barback,both,18:00,03:00
SCH000453,2025-12-27,S01,Roei,רועי,shift_manager,both,18:00,03:00
SCH000454,2025-12-27,S05,Maya,מאיה,bartender,outside,18:00,03:00
SCH000455,2025-12-27,S03,Shir,שיר,bartender,inside,18:00,03:00
SCH000456,2025-12-27,S04,Tomer,תומר,bartender,outside,18:00,03:00
SCH000457,2025-12-27,S07,Ido,עידו,barback,both,18:00,03:00
SCH000458,2025-12-28,S02,Yael,יעל,shift_manager,both,18:00,03:00
SCH000459,2025-12-28,S03,Shir,שיר,bartender,inside,18:00,03:00
SCH000460,2025-12-28,S06,Muriel,מוריאל,bartender,inside,18:00,03:00
SCH000461,2025-12-29,S01,Roei,רועי,shift_manager,both,18:00,03:00
SCH000462,2025-12-29,S06,Muriel,מוריאל,bartender,inside,18:00,03:00
SCH000463,2025-12-29,S03,Shir,שיר,bartender,inside,18:00,03:00
SCH000464,2025-12-30,S02,Yael,יעל,shift_manager,both,18:00,03:00
SCH000465,2025-12-30,S06,Muriel,מוריאל,bartender,inside,18:00,03:00
SCH000466,2025-12-30,S03,Shir,שיר,bartender,inside,18:00,03:00
SCH000467,2025-12-31,S01,Roei,רועי,shift_manager,both,18:00,03:00
SCH000468,2025-12-31,S05,Maya,מאיה,bartender,outside,18:00,03:00
SCH000469,2025-12-31,S06,Muriel,מוריאל,bartender,inside,18:00,03:00
SCH000470,2026-01-01,S01,Roei,רועי,shift_manager,both,18:00,03:00
SCH000471,2026-01-01,S03,Shir,שיר,bartender,inside,18:00,03:00
SCH000472,2026-01-01,S06,Muriel,מוריאל,bartender,inside,18:00,03:00
SCH000473,2026-01-01,S05,Maya,מאיה,bartender,outside,18:00,03:00
SCH000474,2026-01-01,S07,Ido,עידו,barback,both,18:00,03:00
SCH000475,2026-01-02,S01,Roei,רועי,shift_manager,both,18:00,03:00
SCH000476,2026-01-02,S04,Tomer,תומר,bartender,outside,18:00,03:00
SCH000477,2026-01-02,S03,Shir,שיר,bartender,inside,18:00,03:00
SCH000478,2026-01-02,S05,Maya,מאיה,bartender,outside,18:00,03:00
SCH000479,2026-01-02,S07,Ido,עידו,barback,both,18:00,03:00
SCH000480,2026-01-03,S01,Roei,רועי,shift_manager,both,18:00,03:00
SCH000481,2026-01-03,S06,Muriel,מוריאל,bartender,inside,18:00,03:00
SCH000482,2026-01-03,S04,Tomer,תומר,bartender,outside,18:00,03:00
SCH000483,2026-01-03,S05,Maya,מאיה,bartender,outside,18:00,03:00
SCH000484,2026-01-03,S07,Ido,עידו,barback,both,18:00,03:00
SCH000485,2026-01-04,S01,Roei,רועי,shift_manager,both,18:00,03:00
SCH000486,2026-01-04,S05,Maya,מאיה,bartender,outside,18:00,03:00
SCH000487,2026-01-04,S04,Tomer,תומר,bartender,outside,18:00,03:00
SCH000488,2026-01-05,S02,Yael,יעל,shift_manager,both,18:00,03:00
SCH000489,2026-01-05,S06,Muriel,מוריאל,bartender,inside,18:00,03:00
SCH000490,2026-01-05,S05,Maya,מאיה,bartender,outside,18:00,03:00
SCH000491,2026-01-06,S02,Yael,יעל,shift_manager,both,18:00,03:00
SCH000492,2026-01-06,S04,Tomer,תומר,bartender,outside,18:00,03:00
SCH000493,2026-01-06,S05,Maya,מאיה,bartender,outside,18:00,03:00
SCH000494,2026-01-07,S02,Yael,יעל,shift_manager,both,18:00,03:00
SCH000495,2026-01-07,S03,Shir,שיר,bartender,inside,18:00,03:00
SCH000496,2026-01-07,S06,Muriel,מוריאל,bartender,inside,18:00,03:00
SCH000497,2026-01-08,S01,Roei,רועי,shift_manager,both,18:00,03:00
SCH000498,2026-01-08,S03,Shir,שיר,bartender,inside,18:00,03:00
SCH000499,2026-01-08,S05,Maya,מאיה,bartender,outside,18:00,03:00
SCH000500,2026-01-08,S06,Muriel,מוריאל,bartender,inside,18:00,03:00
SCH000501,2026-01-08,S07,Ido,עידו,barback,both,18:00,03:00
SCH000502,2026-01-09,S02,Yael,יעל,shift_manager,both,18:00,03:00
SCH000503,2026-01-09,S04,Tomer,תומר,bartender,outside,18:00,03:00
SCH000504,2026-01-09,S06,Muriel,מוריאל,bartender,inside,18:00,03:00
SCH000505,2026-01-09,S03,Shir,שיר,bartender,inside,18:00,03:00
SCH000506,2026-01-09,S07,Ido,עידו,barback,both,18:00,03:00
SCH000507,2026-01-10,S01,Roei,רועי,shift_manager,both,18:00,03:00
SCH000508,2026-01-10,S06,Muriel,מוריאל,bartender,inside,18:00,03:00
SCH000509,2026-01-10,S04,Tomer,תומר,bartender,outside,18:00,03:00
SCH000510,2026-01-10,S05,Maya,מאיה,bartender,outside,18:00,03:00
SCH000511,2026-01-10,S07,Ido,עידו,barback,both,18:00,03:00
SCH000512,2026-01-11,S02,Yael,יעל,shift_manager,both,18:00,03:00
SCH000513,2026-01-11,S05,Maya,מאיה,bartender,outside,18:00,03:00
SCH000514,2026-01-11,S03,Shir,שיר,bartender,inside,18:00,03:00
SCH000515,2026-01-12,S02,Yael,יעל,shift_manager,both,18:00,03:00
SCH000516,2026-01-12,S03,Shir,שיר,bartender,inside,18:00,03:00
SCH000517,2026-01-12,S06,Muriel,מוריאל,bartender,inside,18:00,03:00
SCH000518,2026-01-13,S01,Roei,רועי,shift_manager,both,18:00,03:00
SCH000519,2026-01-13,S03,Shir,שיר,bartender,inside,18:00,03:00
SCH000520,2026-01-13,S04,Tomer,תומר,bartender,outside,18:00,03:00
SCH000521,2026-01-14,S01,Roei,רועי,shift_manager,both,18:00,03:00
SCH000522,2026-01-14,S05,Maya,מאיה,bartender,outside,18:00,03:00
SCH000523,2026-01-14,S06,Muriel,מוריאל,bartender,inside,18:00,03:00
SCH000524,2026-01-15,S01,Roei,רועי,shift_manager,both,18:00,03:00
SCH000525,2026-01-15,S03,Shir,שיר,bartender,inside,18:00,03:00
SCH000526,2026-01-15,S04,Tomer,תומר,bartender,outside,18:00,03:00
SCH000527,2026-01-15,S06,Muriel,מוריאל,bartender,inside,18:00,03:00
SCH000528,2026-01-15,S07,Ido,עידו,barback,both,18:00,03:00
SCH000529,2026-01-16,S02,Yael,יעל,shift_manager,both,18:00,03:00
SCH000530,2026-01-16,S05,Maya,מאיה,bartender,outside,18:00,03:00
SCH000531,2026-01-16,S03,Shir,שיר,bartender,inside,18:00,03:00
SCH000532,2026-01-16,S06,Muriel,מוריאל,bartender,inside,18:00,03:00
SCH000533,2026-01-16,S07,Ido,עידו,barback,both,18:00,03:00
SCH000534,2026-01-17,S01,Roei,רועי,shift_manager,both,18:00,03:00
SCH000535,2026-01-17,S05,Maya,מאיה,bartender,outside,18:00,03:00
SCH000536,2026-01-17,S03,Shir,שיר,bartender,inside,18:00,03:00
SCH000537,2026-01-17,S04,Tomer,תומר,bartender,outside,18:00,03:00
SCH000538,2026-01-17,S07,Ido,עידו,barback,both,18:00,03:00
SCH000539,2026-01-18,S02,Yael,יעל,shift_manager,both,18:00,03:00
SCH000540,2026-01-18,S03,Shir,שיר,bartender,inside,18:00,03:00
SCH000541,2026-01-18,S04,Tomer,תומר,bartender,outside,18:00,03:00
SCH000542,2026-01-19,S02,Yael,יעל,shift_manager,both,18:00,03:00
SCH000543,2026-01-19,S05,Maya,מאיה,bartender,outside,18:00,03:00
SCH000544,2026-01-19,S04,Tomer,תומר,bartender,outside,18:00,03:00
SCH000545,2026-01-20,S01,Roei,רועי,shift_manager,both,18:00,03:00
SCH000546,2026-01-20,S05,Maya,מאיה,bartender,outside,18:00,03:00
SCH000547,2026-01-20,S04,Tomer,תומר,bartender,outside,18:00,03:00
SCH000548,2026-01-21,S01,Roei,רועי,shift_manager,both,18:00,03:00
SCH000549,2026-01-21,S06,Muriel,מוריאל,bartender,inside,18:00,03:00
SCH000550,2026-01-21,S05,Maya,מאיה,bartender,outside,18:00,03:00
SCH000551,2026-01-22,S01,Roei,רועי,shift_manager,both,18:00,03:00
SCH000552,2026-01-22,S06,Muriel,מוריאל,bartender,inside,18:00,03:00
SCH000553,2026-01-22,S04,Tomer,תומר,bartender,outside,18:00,03:00
SCH000554,2026-01-22,S05,Maya,מאיה,bartender,outside,18:00,03:00
SCH000555,2026-01-22,S07,Ido,עידו,barback,both,18:00,03:00
SCH000556,2026-01-23,S01,Roei,רועי,shift_manager,both,18:00,03:00
SCH000557,2026-01-23,S05,Maya,מאיה,bartender,outside,18:00,03:00
SCH000558,2026-01-23,S04,Tomer,תומר,bartender,outside,18:00,03:00
SCH000559,2026-01-23,S03,Shir,שיר,bartender,inside,18:00,03:00
SCH000560,2026-01-23,S07,Ido,עידו,barback,both,18:00,03:00
SCH000561,2026-01-24,S02,Yael,יעל,shift_manager,both,18:00,03:00
SCH000562,2026-01-24,S06,Muriel,מוריאל,bartender,inside,18:00,03:00
SCH000563,2026-01-24,S03,Shir,שיר,bartender,inside,18:00,03:00
SCH000564,2026-01-24,S05,Maya,מאיה,bartender,outside,18:00,03:00
SCH000565,2026-01-24,S07,Ido,עידו,barback,both,18:00,03:00
SCH000566,2026-01-25,S02,Yael,יעל,shift_manager,both,18:00,03:00
SCH000567,2026-01-25,S03,Shir,שיר,bartender,inside,18:00,03:00
SCH000568,2026-01-25,S05,Maya,מאיה,bartender,outside,18:00,03:00
SCH000569,2026-01-26,S01,Roei,רועי,shift_manager,both,18:00,03:00
SCH000570,2026-01-26,S06,Muriel,מוריאל,bartender,inside,18:00,03:00
SCH000571,2026-01-26,S05,Maya,מאיה,bartender,outside,18:00,03:00
SCH000572,2026-01-27,S02,Yael,יעל,shift_manager,both,18:00,03:00
SCH000573,2026-01-27,S03,Shir,שיר,bartender,inside,18:00,03:00
SCH000574,2026-01-27,S04,Tomer,תומר,bartender,outside,18:00,03:00
SCH000575,2026-01-28,S01,Roei,רועי,shift_manager,both,18:00,03:00
SCH000576,2026-01-28,S03,Shir,שיר,bartender,inside,18:00,03:00
SCH000577,2026-01-28,S04,Tomer,תומר,bartender,outside,18:00,03:00
SCH000578,2026-01-29,S02,Yael,יעל,shift_manager,both,18:00,03:00
SCH000579,2026-01-29,S04,Tomer,תומר,bartender,outside,18:00,03:00
SCH000580,2026-01-29,S03,Shir,שיר,bartender,inside,18:00,03:00
SCH000581,2026-01-29,S06,Muriel,מוריאל,bartender,inside,18:00,03:00
SCH000582,2026-01-29,S07,Ido,עידו,barback,both,18:00,03:00
SCH000583,2026-01-30,S01,Roei,רועי,shift_manager,both,18:00,03:00
SCH000584,2026-01-30,S04,Tomer,תומר,bartender,outside,18:00,03:00
SCH000585,2026-01-30,S03,Shir,שיר,bartender,inside,18:00,03:00
SCH000586,2026-01-30,S05,Maya,מאיה,bartender,outside,18:00,03:00
SCH000587,2026-01-30,S07,Ido,עידו,barback,both,18:00,03:00
SCH000588,2026-01-31,S01,Roei,רועי,shift_manager,both,18:00,03:00
SCH000589,2026-01-31,S03,Shir,שיר,bartender,inside,18:00,03:00
SCH000590,2026-01-31,S05,Maya,מאיה,bartender,outside,18:00,03:00
SCH000591,2026-01-31,S06,Muriel,מוריאל,bartender,inside,18:00,03:00
SCH000592,2026-01-31,S07,Ido,עידו,barback,both,18:00,03:00
SCH000593,2026-02-01,S02,Yael,יעל,shift_manager,both,18:00,03:00
SCH000594,2026-02-01,S05,Maya,מאיה,bartender,outside,18:00,03:00
SCH000595,2026-02-01,S03,Shir,שיר,bartender,inside,18:00,03:00
SCH000596,2026-02-02,S01,Roei,רועי,shift_manager,both,18:00,03:00
SCH000597,2026-02-02,S05,Maya,מאיה,bartender,outside,18:00,03:00
SCH000598,2026-02-02,S06,Muriel,מוריאל,bartender,inside,18:00,03:00
SCH000599,2026-02-03,S02,Yael,יעל,shift_manager,both,18:00,03:00
SCH000600,2026-02-03,S05,Maya,מאיה,bartender,outside,18:00,03:00
SCH000601,2026-02-03,S04,Tomer,תומר,bartender,outside,18:00,03:00
SCH000602,2026-02-04,S01,Roei,רועי,shift_manager,both,18:00,03:00
SCH000603,2026-02-04,S03,Shir,שיר,bartender,inside,18:00,03:00
SCH000604,2026-02-04,S04,Tomer,תומר,bartender,outside,18:00,03:00
SCH000605,2026-02-05,S01,Roei,רועי,shift_manager,both,18:00,03:00
SCH000606,2026-02-05,S05,Maya,מאיה,bartender,outside,18:00,03:00
SCH000607,2026-02-05,S03,Shir,שיר,bartender,inside,18:00,03:00
SCH000608,2026-02-05,S06,Muriel,מוריאל,bartender,inside,18:00,03:00
SCH000609,2026-02-05,S07,Ido,עידו,barback,both,18:00,03:00
SCH000610,2026-02-06,S01,Roei,רועי,shift_manager,both,18:00,03:00
SCH000611,2026-02-06,S04,Tomer,תומר,bartender,outside,18:00,03:00
SCH000612,2026-02-06,S03,Shir,שיר,bartender,inside,18:00,03:00
SCH000613,2026-02-06,S06,Muriel,מוריאל,bartender,inside,18:00,03:00
SCH000614,2026-02-06,S07,Ido,עידו,barback,both,18:00,03:00
SCH000615,2026-02-07,S01,Roei,רועי,shift_manager,both,18:00,03:00
SCH000616,2026-02-07,S06,Muriel,מוריאל,bartender,inside,18:00,03:00
SCH000617,2026-02-07,S04,Tomer,תומר,bartender,outside,18:00,03:00
SCH000618,2026-02-07,S05,Maya,מאיה,bartender,outside,18:00,03:00
SCH000619,2026-02-07,S07,Ido,עידו,barback,both,18:00,03:00
SCH000620,2026-02-08,S01,Roei,רועי,shift_manager,both,18:00,03:00
SCH000621,2026-02-08,S03,Shir,שיר,bartender,inside,18:00,03:00
SCH000622,2026-02-08,S04,Tomer,תומר,bartender,outside,18:00,03:00
SCH000623,2026-02-09,S02,Yael,יעל,shift_manager,both,18:00,03:00
SCH000624,2026-02-09,S06,Muriel,מוריאל,bartender,inside,18:00,03:00
SCH000625,2026-02-09,S05,Maya,מאיה,bartender,outside,18:00,03:00
SCH000626,2026-02-10,S01,Roei,רועי,shift_manager,both,18:00,03:00
SCH000627,2026-02-10,S04,Tomer,תומר,bartender,outside,18:00,03:00
SCH000628,2026-02-10,S05,Maya,מאיה,bartender,outside,18:00,03:00
SCH000629,2026-02-11,S01,Roei,רועי,shift_manager,both,18:00,03:00
SCH000630,2026-02-11,S06,Muriel,מוריאל,bartender,inside,18:00,03:00
SCH000631,2026-02-11,S03,Shir,שיר,bartender,inside,18:00,03:00
SCH000632,2026-02-12,S02,Yael,יעל,shift_manager,both,18:00,03:00
SCH000633,2026-02-12,S05,Maya,מאיה,bartender,outside,18:00,03:00
SCH000634,2026-02-12,S03,Shir,שיר,bartender,inside,18:00,03:00
SCH000635,2026-02-12,S04,Tomer,תומר,bartender,outside,18:00,03:00
SCH000636,2026-02-12,S07,Ido,עידו,barback,both,18:00,03:00
SCH000637,2026-02-13,S02,Yael,יעל,shift_manager,both,18:00,03:00
SCH000638,2026-02-13,S05,Maya,מאיה,bartender,outside,18:00,03:00
SCH000639,2026-02-13,S04,Tomer,תומר,bartender,outside,18:00,03:00
SCH000640,2026-02-13,S03,Shir,שיר,bartender,inside,18:00,03:00
SCH000641,2026-02-13,S07,Ido,עידו,barback,both,18:00,03:00
SCH000642,2026-02-14,S02,Yael,יעל,shift_manager,both,18:00,03:00
SCH000643,2026-02-14,S05,Maya,מאיה,bartender,outside,18:00,03:00
SCH000644,2026-02-14,S06,Muriel,מוריאל,bartender,inside,18:00,03:00
SCH000645,2026-02-14,S04,Tomer,תומר,bartender,outside,18:00,03:00
SCH000646,2026-02-14,S07,Ido,עידו,barback,both,18:00,03:00
SCH000647,2026-02-15,S02,Yael,יעל,shift_manager,both,18:00,03:00
SCH000648,2026-02-15,S05,Maya,מאיה,bartender,outside,18:00,03:00
SCH000649,2026-02-15,S03,Shir,שיר,bartender,inside,18:00,03:00
SCH000650,2026-02-16,S01,Roei,רועי,shift_manager,both,18:00,03:00
SCH000651,2026-02-16,S03,Shir,שיר,bartender,inside,18:00,03:00
SCH000652,2026-02-16,S04,Tomer,תומר,bartender,outside,18:00,03:00
SCH000653,2026-02-17,S01,Roei,רועי,shift_manager,both,18:00,03:00
SCH000654,2026-02-17,S03,Shir,שיר,bartender,inside,18:00,03:00
SCH000655,2026-02-17,S05,Maya,מאיה,bartender,outside,18:00,03:00
SCH000656,2026-02-18,S01,Roei,רועי,shift_manager,both,18:00,03:00
SCH000657,2026-02-18,S06,Muriel,מוריאל,bartender,inside,18:00,03:00
SCH000658,2026-02-18,S03,Shir,שיר,bartender,inside,18:00,03:00
SCH000659,2026-02-19,S02,Yael,יעל,shift_manager,both,18:00,03:00
SCH000660,2026-02-19,S03,Shir,שיר,bartender,inside,18:00,03:00
SCH000661,2026-02-19,S06,Muriel,מוריאל,bartender,inside,18:00,03:00
SCH000662,2026-02-19,S04,Tomer,תומר,bartender,outside,18:00,03:00
SCH000663,2026-02-19,S07,Ido,עידו,barback,both,18:00,03:00
SCH000664,2026-02-20,S02,Yael,יעל,shift_manager,both,18:00,03:00
SCH000665,2026-02-20,S03,Shir,שיר,bartender,inside,18:00,03:00
SCH000666,2026-02-20,S06,Muriel,מוריאל,bartender,inside,18:00,03:00
SCH000667,2026-02-20,S05,Maya,מאיה,bartender,outside,18:00,03:00
SCH000668,2026-02-20,S07,Ido,עידו,barback,both,18:00,03:00
SCH000669,2026-02-21,S01,Roei,רועי,shift_manager,both,18:00,03:00
SCH000670,2026-02-21,S04,Tomer,תומר,bartender,outside,18:00,03:00
SCH000671,2026-02-21,S03,Shir,שיר,bartender,inside,18:00,03:00
SCH000672,2026-02-21,S06,Muriel,מוריאל,bartender,inside,18:00,03:00
SCH000673,2026-02-21,S07,Ido,עידו,barback,both,18:00,03:00
SCH000674,2026-02-22,S01,Roei,רועי,shift_manager,both,18:00,03:00
SCH000675,2026-02-22,S03,Shir,שיר,bartender,inside,18:00,03:00
SCH000676,2026-02-22,S04,Tomer,תומר,bartender,outside,18:00,03:00
SCH000677,2026-02-23,S01,Roei,רועי,shift_manager,both,18:00,03:00
SCH000678,2026-02-23,S04,Tomer,תומר,bartender,outside,18:00,03:00
SCH000679,2026-02-23,S03,Shir,שיר,bartender,inside,18:00,03:00
SCH000680,2026-02-24,S01,Roei,רועי,shift_manager,both,18:00,03:00
SCH000681,2026-02-24,S06,Muriel,מוריאל,bartender,inside,18:00,03:00
SCH000682,2026-02-24,S04,Tomer,תומר,bartender,outside,18:00,03:00
SCH000683,2026-02-25,S02,Yael,יעל,shift_manager,both,18:00,03:00
SCH000684,2026-02-25,S05,Maya,מאיה,bartender,outside,18:00,03:00
SCH000685,2026-02-25,S06,Muriel,מוריאל,bartender,inside,18:00,03:00
SCH000686,2026-02-26,S02,Yael,יעל,shift_manager,both,18:00,03:00
SCH000687,2026-02-26,S06,Muriel,מוריאל,bartender,inside,18:00,03:00
SCH000688,2026-02-26,S05,Maya,מאיה,bartender,outside,18:00,03:00
SCH000689,2026-02-26,S03,Shir,שיר,bartender,inside,18:00,03:00
SCH000690,2026-02-26,S07,Ido,עידו,barback,both,18:00,03:00
SCH000691,2026-02-27,S01,Roei,רועי,shift_manager,both,18:00,03:00
SCH000692,2026-02-27,S06,Muriel,מוריאל,bartender,inside,18:00,03:00
SCH000693,2026-02-27,S05,Maya,מאיה,bartender,outside,18:00,03:00
SCH000694,2026-02-27,S03,Shir,שיר,bartender,inside,18:00,03:00
SCH000695,2026-02-27,S07,Ido,עידו,barback,both,18:00,03:00
SCH000696,2026-02-28,S02,Yael,יעל,shift_manager,both,18:00,03:00
SCH000697,2026-02-28,S04,Tomer,תומר,bartender,outside,18:00,03:00
SCH000698,2026-02-28,S05,Maya,מאיה,bartender,outside,18:00,03:00
SCH000699,2026-02-28,S03,Shir,שיר,bartender,inside,18:00,03:00
SCH000700,2026-02-28,S07,Ido,עידו,barback,both,18:00,03:00
SCH000701,2026-03-01,S02,Yael,יעל,shift_manager,both,18:00,03:00
SCH000702,2026-03-01,S05,Maya,מאיה,bartender,outside,18:00,03:00
SCH000703,2026-03-01,S04,Tomer,תומר,bartender,outside,18:00,03:00
SCH000704,2026-03-02,S02,Yael,יעל,shift_manager,both,18:00,03:00
SCH000705,2026-03-02,S04,Tomer,תומר,bartender,outside,18:00,03:00
SCH000706,2026-03-02,S05,Maya,מאיה,bartender,outside,18:00,03:00
SCH000707,2026-03-03,S02,Yael,יעל,shift_manager,both,18:00,03:00
SCH000708,2026-03-03,S04,Tomer,תומר,bartender,outside,18:00,03:00
SCH000709,2026-03-03,S06,Muriel,מוריאל,bartender,inside,18:00,03:00
SCH000710,2026-03-04,S02,Yael,יעל,shift_manager,both,18:00,03:00
SCH000711,2026-03-04,S05,Maya,מאיה,bartender,outside,18:00,03:00
SCH000712,2026-03-04,S06,Muriel,מוריאל,bartender,inside,18:00,03:00
SCH000713,2026-03-05,S01,Roei,רועי,shift_manager,both,18:00,03:00
SCH000714,2026-03-05,S05,Maya,מאיה,bartender,outside,18:00,03:00
SCH000715,2026-03-05,S03,Shir,שיר,bartender,inside,18:00,03:00
SCH000716,2026-03-05,S04,Tomer,תומר,bartender,outside,18:00,03:00
SCH000717,2026-03-05,S07,Ido,עידו,barback,both,18:00,03:00
SCH000718,2026-03-06,S01,Roei,רועי,shift_manager,both,18:00,03:00
SCH000719,2026-03-06,S03,Shir,שיר,bartender,inside,18:00,03:00
SCH000720,2026-03-06,S05,Maya,מאיה,bartender,outside,18:00,03:00
SCH000721,2026-03-06,S06,Muriel,מוריאל,bartender,inside,18:00,03:00
SCH000722,2026-03-06,S07,Ido,עידו,barback,both,18:00,03:00
SCH000723,2026-03-07,S02,Yael,יעל,shift_manager,both,18:00,03:00
SCH000724,2026-03-07,S06,Muriel,מוריאל,bartender,inside,18:00,03:00
SCH000725,2026-03-07,S05,Maya,מאיה,bartender,outside,18:00,03:00
SCH000726,2026-03-07,S03,Shir,שיר,bartender,inside,18:00,03:00
SCH000727,2026-03-07,S07,Ido,עידו,barback,both,18:00,03:00
SCH000728,2026-03-08,S01,Roei,רועי,shift_manager,both,18:00,03:00
SCH000729,2026-03-08,S03,Shir,שיר,bartender,inside,18:00,03:00
SCH000730,2026-03-08,S04,Tomer,תומר,bartender,outside,18:00,03:00
SCH000731,2026-03-09,S01,Roei,רועי,shift_manager,both,18:00,03:00
SCH000732,2026-03-09,S03,Shir,שיר,bartender,inside,18:00,03:00
SCH000733,2026-03-09,S04,Tomer,תומר,bartender,outside,18:00,03:00
SCH000734,2026-03-10,S02,Yael,יעל,shift_manager,both,18:00,03:00
SCH000735,2026-03-10,S04,Tomer,תומר,bartender,outside,18:00,03:00
SCH000736,2026-03-10,S06,Muriel,מוריאל,bartender,inside,18:00,03:00
SCH000737,2026-03-11,S02,Yael,יעל,shift_manager,both,18:00,03:00
SCH000738,2026-03-11,S06,Muriel,מוריאל,bartender,inside,18:00,03:00
SCH000739,2026-03-11,S04,Tomer,תומר,bartender,outside,18:00,03:00
SCH000740,2026-03-12,S02,Yael,יעל,shift_manager,both,18:00,03:00
SCH000741,2026-03-12,S05,Maya,מאיה,bartender,outside,18:00,03:00
SCH000742,2026-03-12,S03,Shir,שיר,bartender,inside,18:00,03:00
SCH000743,2026-03-12,S06,Muriel,מוריאל,bartender,inside,18:00,03:00
SCH000744,2026-03-12,S07,Ido,עידו,barback,both,18:00,03:00
SCH000745,2026-03-13,S02,Yael,יעל,shift_manager,both,18:00,03:00
SCH000746,2026-03-13,S03,Shir,שיר,bartender,inside,18:00,03:00
SCH000747,2026-03-13,S05,Maya,מאיה,bartender,outside,18:00,03:00
SCH000748,2026-03-13,S04,Tomer,תומר,bartender,outside,18:00,03:00
SCH000749,2026-03-13,S07,Ido,עידו,barback,both,18:00,03:00
SCH000750,2026-03-14,S01,Roei,רועי,shift_manager,both,18:00,03:00
SCH000751,2026-03-14,S06,Muriel,מוריאל,bartender,inside,18:00,03:00
SCH000752,2026-03-14,S04,Tomer,תומר,bartender,outside,18:00,03:00
SCH000753,2026-03-14,S05,Maya,מאיה,bartender,outside,18:00,03:00
SCH000754,2026-03-14,S07,Ido,עידו,barback,both,18:00,03:00
SCH000755,2026-03-15,S02,Yael,יעל,shift_manager,both,18:00,03:00
SCH000756,2026-03-15,S04,Tomer,תומר,bartender,outside,18:00,03:00
SCH000757,2026-03-15,S06,Muriel,מוריאל,bartender,inside,18:00,03:00
SCH000758,2026-03-16,S01,Roei,רועי,shift_manager,both,18:00,03:00
SCH000759,2026-03-16,S04,Tomer,תומר,bartender,outside,18:00,03:00
SCH000760,2026-03-16,S06,Muriel,מוריאל,bartender,inside,18:00,03:00
SCH000761,2026-03-17,S01,Roei,רועי,shift_manager,both,18:00,03:00
SCH000762,2026-03-17,S05,Maya,מאיה,bartender,outside,18:00,03:00
SCH000763,2026-03-17,S03,Shir,שיר,bartender,inside,18:00,03:00
SCH000764,2026-03-18,S01,Roei,רועי,shift_manager,both,18:00,03:00
SCH000765,2026-03-18,S06,Muriel,מוריאל,bartender,inside,18:00,03:00
SCH000766,2026-03-18,S03,Shir,שיר,bartender,inside,18:00,03:00
SCH000767,2026-03-19,S02,Yael,יעל,shift_manager,both,18:00,03:00
SCH000768,2026-03-19,S05,Maya,מאיה,bartender,outside,18:00,03:00
SCH000769,2026-03-19,S04,Tomer,תומר,bartender,outside,18:00,03:00
SCH000770,2026-03-19,S03,Shir,שיר,bartender,inside,18:00,03:00
SCH000771,2026-03-19,S07,Ido,עידו,barback,both,18:00,03:00
SCH000772,2026-03-20,S02,Yael,יעל,shift_manager,both,18:00,03:00
SCH000773,2026-03-20,S03,Shir,שיר,bartender,inside,18:00,03:00
SCH000774,2026-03-20,S05,Maya,מאיה,bartender,outside,18:00,03:00
SCH000775,2026-03-20,S06,Muriel,מוריאל,bartender,inside,18:00,03:00
SCH000776,2026-03-20,S07,Ido,עידו,barback,both,18:00,03:00
SCH000777,2026-03-21,S01,Roei,רועי,shift_manager,both,18:00,03:00
SCH000778,2026-03-21,S03,Shir,שיר,bartender,inside,18:00,03:00
SCH000779,2026-03-21,S05,Maya,מאיה,bartender,outside,18:00,03:00
SCH000780,2026-03-21,S04,Tomer,תומר,bartender,outside,18:00,03:00
SCH000781,2026-03-21,S07,Ido,עידו,barback,both,18:00,03:00
SCH000782,2026-03-22,S02,Yael,יעל,shift_manager,both,18:00,03:00
SCH000783,2026-03-22,S05,Maya,מאיה,bartender,outside,18:00,03:00
SCH000784,2026-03-22,S04,Tomer,תומר,bartender,outside,18:00,03:00
SCH000785,2026-03-23,S01,Roei,רועי,shift_manager,both,18:00,03:00
SCH000786,2026-03-23,S03,Shir,שיר,bartender,inside,18:00,03:00
SCH000787,2026-03-23,S06,Muriel,מוריאל,bartender,inside,18:00,03:00
SCH000788,2026-03-24,S01,Roei,רועי,shift_manager,both,18:00,03:00
SCH000789,2026-03-24,S06,Muriel,מוריאל,bartender,inside,18:00,03:00
SCH000790,2026-03-24,S05,Maya,מאיה,bartender,outside,18:00,03:00
SCH000791,2026-03-25,S02,Yael,יעל,shift_manager,both,18:00,03:00
SCH000792,2026-03-25,S03,Shir,שיר,bartender,inside,18:00,03:00
SCH000793,2026-03-25,S04,Tomer,תומר,bartender,outside,18:00,03:00
SCH000794,2026-03-26,S02,Yael,יעל,shift_manager,both,18:00,03:00
SCH000795,2026-03-26,S03,Shir,שיר,bartender,inside,18:00,03:00
SCH000796,2026-03-26,S06,Muriel,מוריאל,bartender,inside,18:00,03:00
SCH000797,2026-03-26,S04,Tomer,תומר,bartender,outside,18:00,03:00
SCH000798,2026-03-26,S07,Ido,עידו,barback,both,18:00,03:00
SCH000799,2026-03-27,S01,Roei,רועי,shift_manager,both,18:00,03:00
SCH000800,2026-03-27,S06,Muriel,מוריאל,bartender,inside,18:00,03:00
SCH000801,2026-03-27,S04,Tomer,תומר,bartender,outside,18:00,03:00
SCH000802,2026-03-27,S03,Shir,שיר,bartender,inside,18:00,03:00
SCH000803,2026-03-27,S07,Ido,עידו,barback,both,18:00,03:00
SCH000804,2026-03-28,S02,Yael,יעל,shift_manager,both,18:00,03:00
SCH000805,2026-03-28,S04,Tomer,תומר,bartender,outside,18:00,03:00
SCH000806,2026-03-28,S03,Shir,שיר,bartender,inside,18:00,03:00
SCH000807,2026-03-28,S05,Maya,מאיה,bartender,outside,18:00,03:00
SCH000808,2026-03-28,S07,Ido,עידו,barback,both,18:00,03:00
SCH000809,2026-03-29,S01,Roei,רועי,shift_manager,both,18:00,03:00
SCH000810,2026-03-29,S05,Maya,מאיה,bartender,outside,18:00,03:00
SCH000811,2026-03-29,S03,Shir,שיר,bartender,inside,18:00,03:00
SCH000812,2026-03-30,S02,Yael,יעל,shift_manager,both,18:00,03:00
SCH000813,2026-03-30,S03,Shir,שיר,bartender,inside,18:00,03:00
SCH000814,2026-03-30,S06,Muriel,מוריאל,bartender,inside,18:00,03:00
SCH000815,2026-03-31,S01,Roei,רועי,shift_manager,both,18:00,03:00
SCH000816,2026-03-31,S06,Muriel,מוריאל,bartender,inside,18:00,03:00
SCH000817,2026-03-31,S04,Tomer,תומר,bartender,outside,18:00,03:00
SCH000818,2026-04-01,S02,Yael,יעל,shift_manager,both,18:00,03:00
SCH000819,2026-04-01,S04,Tomer,תומר,bartender,outside,18:00,03:00
SCH000820,2026-04-01,S06,Muriel,מוריאל,bartender,inside,18:00,03:00
SCH000821,2026-04-02,S02,Yael,יעל,shift_manager,both,18:00,03:00
SCH000822,2026-04-02,S06,Muriel,מוריאל,bartender,inside,18:00,03:00
SCH000823,2026-04-02,S04,Tomer,תומר,bartender,outside,18:00,03:00
SCH000824,2026-04-02,S03,Shir,שיר,bartender,inside,18:00,03:00
SCH000825,2026-04-02,S07,Ido,עידו,barback,both,18:00,03:00
SCH000826,2026-04-03,S01,Roei,רועי,shift_manager,both,18:00,03:00
SCH000827,2026-04-03,S04,Tomer,תומר,bartender,outside,18:00,03:00
SCH000828,2026-04-03,S03,Shir,שיר,bartender,inside,18:00,03:00
SCH000829,2026-04-03,S05,Maya,מאיה,bartender,outside,18:00,03:00
SCH000830,2026-04-03,S07,Ido,עידו,barback,both,18:00,03:00
SCH000831,2026-04-04,S02,Yael,יעל,shift_manager,both,18:00,03:00
SCH000832,2026-04-04,S06,Muriel,מוריאל,bartender,inside,18:00,03:00
SCH000833,2026-04-04,S04,Tomer,תומר,bartender,outside,18:00,03:00
SCH000834,2026-04-04,S05,Maya,מאיה,bartender,outside,18:00,03:00
SCH000835,2026-04-04,S07,Ido,עידו,barback,both,18:00,03:00
SCH000836,2026-04-05,S01,Roei,רועי,shift_manager,both,18:00,03:00
SCH000837,2026-04-05,S04,Tomer,תומר,bartender,outside,18:00,03:00
SCH000838,2026-04-05,S03,Shir,שיר,bartender,inside,18:00,03:00
SCH000839,2026-04-06,S02,Yael,יעל,shift_manager,both,18:00,03:00
SCH000840,2026-04-06,S05,Maya,מאיה,bartender,outside,18:00,03:00
SCH000841,2026-04-06,S03,Shir,שיר,bartender,inside,18:00,03:00
SCH000842,2026-04-07,S01,Roei,רועי,shift_manager,both,18:00,03:00
SCH000843,2026-04-07,S05,Maya,מאיה,bartender,outside,18:00,03:00
SCH000844,2026-04-07,S04,Tomer,תומר,bartender,outside,18:00,03:00
SCH000845,2026-04-08,S01,Roei,רועי,shift_manager,both,18:00,03:00
SCH000846,2026-04-08,S03,Shir,שיר,bartender,inside,18:00,03:00
SCH000847,2026-04-08,S06,Muriel,מוריאל,bartender,inside,18:00,03:00
SCH000848,2026-04-09,S02,Yael,יעל,shift_manager,both,18:00,03:00
SCH000849,2026-04-09,S06,Muriel,מוריאל,bartender,inside,18:00,03:00
SCH000850,2026-04-09,S05,Maya,מאיה,bartender,outside,18:00,03:00
SCH000851,2026-04-09,S04,Tomer,תומר,bartender,outside,18:00,03:00
SCH000852,2026-04-09,S07,Ido,עידו,barback,both,18:00,03:00
SCH000853,2026-04-10,S02,Yael,יעל,shift_manager,both,18:00,03:00
SCH000854,2026-04-10,S03,Shir,שיר,bartender,inside,18:00,03:00
SCH000855,2026-04-10,S05,Maya,מאיה,bartender,outside,18:00,03:00
SCH000856,2026-04-10,S04,Tomer,תומר,bartender,outside,18:00,03:00
SCH000857,2026-04-10,S07,Ido,עידו,barback,both,18:00,03:00
SCH000858,2026-04-11,S02,Yael,יעל,shift_manager,both,18:00,03:00
SCH000859,2026-04-11,S03,Shir,שיר,bartender,inside,18:00,03:00
SCH000860,2026-04-11,S06,Muriel,מוריאל,bartender,inside,18:00,03:00
SCH000861,2026-04-11,S05,Maya,מאיה,bartender,outside,18:00,03:00
SCH000862,2026-04-11,S07,Ido,עידו,barback,both,18:00,03:00
SCH000863,2026-04-12,S02,Yael,יעל,shift_manager,both,18:00,03:00
SCH000864,2026-04-12,S04,Tomer,תומר,bartender,outside,18:00,03:00
SCH000865,2026-04-12,S06,Muriel,מוריאל,bartender,inside,18:00,03:00
SCH000866,2026-04-13,S02,Yael,יעל,shift_manager,both,18:00,03:00
SCH000867,2026-04-13,S04,Tomer,תומר,bartender,outside,18:00,03:00
SCH000868,2026-04-13,S05,Maya,מאיה,bartender,outside,18:00,03:00
SCH000869,2026-04-14,S01,Roei,רועי,shift_manager,both,18:00,03:00
SCH000870,2026-04-14,S04,Tomer,תומר,bartender,outside,18:00,03:00
SCH000871,2026-04-14,S06,Muriel,מוריאל,bartender,inside,18:00,03:00
SCH000872,2026-04-15,S01,Roei,רועי,shift_manager,both,18:00,03:00
SCH000873,2026-04-15,S06,Muriel,מוריאל,bartender,inside,18:00,03:00
SCH000874,2026-04-15,S03,Shir,שיר,bartender,inside,18:00,03:00
SCH000875,2026-04-16,S01,Roei,רועי,shift_manager,both,18:00,03:00
SCH000876,2026-04-16,S03,Shir,שיר,bartender,inside,18:00,03:00
SCH000877,2026-04-16,S04,Tomer,תומר,bartender,outside,18:00,03:00
SCH000878,2026-04-16,S05,Maya,מאיה,bartender,outside,18:00,03:00
SCH000879,2026-04-16,S07,Ido,עידו,barback,both,18:00,03:00
SCH000880,2026-04-17,S02,Yael,יעל,shift_manager,both,18:00,03:00
SCH000881,2026-04-17,S05,Maya,מאיה,bartender,outside,18:00,03:00
SCH000882,2026-04-17,S06,Muriel,מוריאל,bartender,inside,18:00,03:00
SCH000883,2026-04-17,S04,Tomer,תומר,bartender,outside,18:00,03:00
SCH000884,2026-04-17,S07,Ido,עידו,barback,both,18:00,03:00
SCH000885,2026-04-18,S01,Roei,רועי,shift_manager,both,18:00,03:00
SCH000886,2026-04-18,S03,Shir,שיר,bartender,inside,18:00,03:00
SCH000887,2026-04-18,S06,Muriel,מוריאל,bartender,inside,18:00,03:00
SCH000888,2026-04-18,S04,Tomer,תומר,bartender,outside,18:00,03:00
SCH000889,2026-04-18,S07,Ido,עידו,barback,both,18:00,03:00
SCH000890,2026-04-19,S02,Yael,יעל,shift_manager,both,18:00,03:00
SCH000891,2026-04-19,S06,Muriel,מוריאל,bartender,inside,18:00,03:00
SCH000892,2026-04-19,S03,Shir,שיר,bartender,inside,18:00,03:00
SCH000893,2026-04-20,S01,Roei,רועי,shift_manager,both,18:00,03:00
SCH000894,2026-04-20,S04,Tomer,תומר,bartender,outside,18:00,03:00
SCH000895,2026-04-20,S05,Maya,מאיה,bartender,outside,18:00,03:00
SCH000896,2026-04-21,S01,Roei,רועי,shift_manager,both,18:00,03:00
SCH000897,2026-04-21,S04,Tomer,תומר,bartender,outside,18:00,03:00
SCH000898,2026-04-21,S03,Shir,שיר,bartender,inside,18:00,03:00
SCH000899,2026-04-22,S02,Yael,יעל,shift_manager,both,18:00,03:00
SCH000900,2026-04-22,S05,Maya,מאיה,bartender,outside,18:00,03:00
SCH000901,2026-04-22,S03,Shir,שיר,bartender,inside,18:00,03:00
SCH000902,2026-04-23,S01,Roei,רועי,shift_manager,both,18:00,03:00
SCH000903,2026-04-23,S04,Tomer,תומר,bartender,outside,18:00,03:00
SCH000904,2026-04-23,S05,Maya,מאיה,bartender,outside,18:00,03:00
SCH000905,2026-04-23,S06,Muriel,מוריאל,bartender,inside,18:00,03:00
SCH000906,2026-04-23,S07,Ido,עידו,barback,both,18:00,03:00
SCH000907,2026-04-24,S01,Roei,רועי,shift_manager,both,18:00,03:00
SCH000908,2026-04-24,S04,Tomer,תומר,bartender,outside,18:00,03:00
SCH000909,2026-04-24,S06,Muriel,מוריאל,bartender,inside,18:00,03:00
SCH000910,2026-04-24,S03,Shir,שיר,bartender,inside,18:00,03:00
SCH000911,2026-04-24,S07,Ido,עידו,barback,both,18:00,03:00
SCH000912,2026-04-25,S02,Yael,יעל,shift_manager,both,18:00,03:00
SCH000913,2026-04-25,S03,Shir,שיר,bartender,inside,18:00,03:00
SCH000914,2026-04-25,S05,Maya,מאיה,bartender,outside,18:00,03:00
SCH000915,2026-04-25,S06,Muriel,מוריאל,bartender,inside,18:00,03:00
SCH000916,2026-04-25,S07,Ido,עידו,barback,both,18:00,03:00
SCH000917,2026-04-26,S01,Roei,רועי,shift_manager,both,18:00,03:00
SCH000918,2026-04-26,S04,Tomer,תומר,bartender,outside,18:00,03:00
SCH000919,2026-04-26,S05,Maya,מאיה,bartender,outside,18:00,03:00
SCH000920,2026-04-27,S02,Yael,יעל,shift_manager,both,18:00,03:00
SCH000921,2026-04-27,S03,Shir,שיר,bartender,inside,18:00,03:00
SCH000922,2026-04-27,S04,Tomer,תומר,bartender,outside,18:00,03:00
SCH000923,2026-04-28,S02,Yael,יעל,shift_manager,both,18:00,03:00
SCH000924,2026-04-28,S06,Muriel,מוריאל,bartender,inside,18:00,03:00
SCH000925,2026-04-28,S04,Tomer,תומר,bartender,outside,18:00,03:00
SCH000926,2026-04-29,S01,Roei,רועי,shift_manager,both,18:00,03:00
SCH000927,2026-04-29,S04,Tomer,תומר,bartender,outside,18:00,03:00
SCH000928,2026-04-29,S06,Muriel,מוריאל,bartender,inside,18:00,03:00
SCH000929,2026-04-30,S02,Yael,יעל,shift_manager,both,18:00,03:00
SCH000930,2026-04-30,S04,Tomer,תומר,bartender,outside,18:00,03:00
SCH000931,2026-04-30,S03,Shir,שיר,bartender,inside,18:00,03:00
SCH000932,2026-04-30,S06,Muriel,מוריאל,bartender,inside,18:00,03:00
SCH000933,2026-04-30,S07,Ido,עידו,barback,both,18:00,03:00
SCH000934,2026-05-01,S02,Yael,יעל,shift_manager,both,18:00,03:00
SCH000935,2026-05-01,S05,Maya,מאיה,bartender,outside,18:00,03:00
SCH000936,2026-05-01,S03,Shir,שיר,bartender,inside,18:00,03:00
SCH000937,2026-05-01,S06,Muriel,מוריאל,bartender,inside,18:00,03:00
SCH000938,2026-05-01,S07,Ido,עידו,barback,both,18:00,03:00
SCH000939,2026-05-02,S02,Yael,יעל,shift_manager,both,18:00,03:00
SCH000940,2026-05-02,S05,Maya,מאיה,bartender,outside,18:00,03:00
SCH000941,2026-05-02,S03,Shir,שיר,bartender,inside,18:00,03:00
SCH000942,2026-05-02,S06,Muriel,מוריאל,bartender,inside,18:00,03:00
SCH000943,2026-05-02,S07,Ido,עידו,barback,both,18:00,03:00
SCH000944,2026-05-03,S02,Yael,יעל,shift_manager,both,18:00,03:00
SCH000945,2026-05-03,S05,Maya,מאיה,bartender,outside,18:00,03:00
SCH000946,2026-05-03,S04,Tomer,תומר,bartender,outside,18:00,03:00
SCH000947,2026-05-04,S01,Roei,רועי,shift_manager,both,18:00,03:00
SCH000948,2026-05-04,S05,Maya,מאיה,bartender,outside,18:00,03:00
SCH000949,2026-05-04,S06,Muriel,מוריאל,bartender,inside,18:00,03:00
SCH000950,2026-05-05,S01,Roei,רועי,shift_manager,both,18:00,03:00
SCH000951,2026-05-05,S05,Maya,מאיה,bartender,outside,18:00,03:00
SCH000952,2026-05-05,S04,Tomer,תומר,bartender,outside,18:00,03:00
SCH000953,2026-05-06,S02,Yael,יעל,shift_manager,both,18:00,03:00
SCH000954,2026-05-06,S05,Maya,מאיה,bartender,outside,18:00,03:00
SCH000955,2026-05-06,S04,Tomer,תומר,bartender,outside,18:00,03:00
SCH000956,2026-05-07,S01,Roei,רועי,shift_manager,both,18:00,03:00
SCH000957,2026-05-07,S05,Maya,מאיה,bartender,outside,18:00,03:00
SCH000958,2026-05-07,S04,Tomer,תומר,bartender,outside,18:00,03:00
SCH000959,2026-05-07,S03,Shir,שיר,bartender,inside,18:00,03:00
SCH000960,2026-05-07,S07,Ido,עידו,barback,both,18:00,03:00
SCH000961,2026-05-08,S01,Roei,רועי,shift_manager,both,18:00,03:00
SCH000962,2026-05-08,S05,Maya,מאיה,bartender,outside,18:00,03:00
SCH000963,2026-05-08,S06,Muriel,מוריאל,bartender,inside,18:00,03:00
SCH000964,2026-05-08,S03,Shir,שיר,bartender,inside,18:00,03:00
SCH000965,2026-05-08,S07,Ido,עידו,barback,both,18:00,03:00
SCH000966,2026-05-09,S02,Yael,יעל,shift_manager,both,18:00,03:00
SCH000967,2026-05-09,S05,Maya,מאיה,bartender,outside,18:00,03:00
SCH000968,2026-05-09,S04,Tomer,תומר,bartender,outside,18:00,03:00
SCH000969,2026-05-09,S03,Shir,שיר,bartender,inside,18:00,03:00
SCH000970,2026-05-09,S07,Ido,עידו,barback,both,18:00,03:00
SCH000971,2026-05-10,S01,Roei,רועי,shift_manager,both,18:00,03:00
SCH000972,2026-05-10,S04,Tomer,תומר,bartender,outside,18:00,03:00
SCH000973,2026-05-10,S06,Muriel,מוריאל,bartender,inside,18:00,03:00
SCH000974,2026-05-11,S02,Yael,יעל,shift_manager,both,18:00,03:00
SCH000975,2026-05-11,S04,Tomer,תומר,bartender,outside,18:00,03:00
SCH000976,2026-05-11,S03,Shir,שיר,bartender,inside,18:00,03:00
SCH000977,2026-05-12,S02,Yael,יעל,shift_manager,both,18:00,03:00
SCH000978,2026-05-12,S05,Maya,מאיה,bartender,outside,18:00,03:00
SCH000979,2026-05-12,S03,Shir,שיר,bartender,inside,18:00,03:00
SCH000980,2026-05-13,S01,Roei,רועי,shift_manager,both,18:00,03:00
SCH000981,2026-05-13,S06,Muriel,מוריאל,bartender,inside,18:00,03:00
SCH000982,2026-05-13,S03,Shir,שיר,bartender,inside,18:00,03:00
SCH000983,2026-05-14,S02,Yael,יעל,shift_manager,both,18:00,03:00
SCH000984,2026-05-14,S03,Shir,שיר,bartender,inside,18:00,03:00
SCH000985,2026-05-14,S04,Tomer,תומר,bartender,outside,18:00,03:00
SCH000986,2026-05-14,S06,Muriel,מוריאל,bartender,inside,18:00,03:00
SCH000987,2026-05-14,S07,Ido,עידו,barback,both,18:00,03:00
SCH000988,2026-05-15,S02,Yael,יעל,shift_manager,both,18:00,03:00
SCH000989,2026-05-15,S03,Shir,שיר,bartender,inside,18:00,03:00
SCH000990,2026-05-15,S05,Maya,מאיה,bartender,outside,18:00,03:00
SCH000991,2026-05-15,S06,Muriel,מוריאל,bartender,inside,18:00,03:00
SCH000992,2026-05-15,S07,Ido,עידו,barback,both,18:00,03:00
SCH000993,2026-05-16,S01,Roei,רועי,shift_manager,both,18:00,03:00
SCH000994,2026-05-16,S05,Maya,מאיה,bartender,outside,18:00,03:00
SCH000995,2026-05-16,S04,Tomer,תומר,bartender,outside,18:00,03:00
SCH000996,2026-05-16,S06,Muriel,מוריאל,bartender,inside,18:00,03:00
SCH000997,2026-05-16,S07,Ido,עידו,barback,both,18:00,03:00
SCH000998,2026-05-17,S02,Yael,יעל,shift_manager,both,18:00,03:00
SCH000999,2026-05-17,S05,Maya,מאיה,bartender,outside,18:00,03:00
SCH001000,2026-05-17,S06,Muriel,מוריאל,bartender,inside,18:00,03:00
SCH001001,2026-05-18,S01,Roei,רועי,shift_manager,both,18:00,03:00
SCH001002,2026-05-18,S03,Shir,שיר,bartender,inside,18:00,03:00
SCH001003,2026-05-18,S06,Muriel,מוריאל,bartender,inside,18:00,03:00
SCH001004,2026-05-19,S01,Roei,רועי,shift_manager,both,18:00,03:00
SCH001005,2026-05-19,S03,Shir,שיר,bartender,inside,18:00,03:00
SCH001006,2026-05-19,S05,Maya,מאיה,bartender,outside,18:00,03:00
SCH001007,2026-05-20,S02,Yael,יעל,shift_manager,both,18:00,03:00
SCH001008,2026-05-20,S04,Tomer,תומר,bartender,outside,18:00,03:00
SCH001009,2026-05-20,S05,Maya,מאיה,bartender,outside,18:00,03:00
SCH001010,2026-05-21,S02,Yael,יעל,shift_manager,both,18:00,03:00
SCH001011,2026-05-21,S04,Tomer,תומר,bartender,outside,18:00,03:00
SCH001012,2026-05-21,S05,Maya,מאיה,bartender,outside,18:00,03:00
SCH001013,2026-05-21,S03,Shir,שיר,bartender,inside,18:00,03:00
SCH001014,2026-05-21,S07,Ido,עידו,barback,both,18:00,03:00
SCH001015,2026-05-22,S01,Roei,רועי,shift_manager,both,18:00,03:00
SCH001016,2026-05-22,S05,Maya,מאיה,bartender,outside,18:00,03:00
SCH001017,2026-05-22,S06,Muriel,מוריאל,bartender,inside,18:00,03:00
SCH001018,2026-05-22,S03,Shir,שיר,bartender,inside,18:00,03:00
SCH001019,2026-05-22,S07,Ido,עידו,barback,both,18:00,03:00
SCH001020,2026-05-23,S01,Roei,רועי,shift_manager,both,18:00,03:00
SCH001021,2026-05-23,S04,Tomer,תומר,bartender,outside,18:00,03:00
SCH001022,2026-05-23,S06,Muriel,מוריאל,bartender,inside,18:00,03:00
SCH001023,2026-05-23,S05,Maya,מאיה,bartender,outside,18:00,03:00
SCH001024,2026-05-23,S07,Ido,עידו,barback,both,18:00,03:00
SCH001025,2026-05-24,S02,Yael,יעל,shift_manager,both,18:00,03:00
SCH001026,2026-05-24,S06,Muriel,מוריאל,bartender,inside,18:00,03:00
SCH001027,2026-05-24,S04,Tomer,תומר,bartender,outside,18:00,03:00
SCH001028,2026-05-25,S01,Roei,רועי,shift_manager,both,18:00,03:00
SCH001029,2026-05-25,S04,Tomer,תומר,bartender,outside,18:00,03:00
SCH001030,2026-05-25,S06,Muriel,מוריאל,bartender,inside,18:00,03:00
SCH001031,2026-05-26,S02,Yael,יעל,shift_manager,both,18:00,03:00
SCH001032,2026-05-26,S03,Shir,שיר,bartender,inside,18:00,03:00
SCH001033,2026-05-26,S04,Tomer,תומר,bartender,outside,18:00,03:00
SCH001034,2026-05-27,S02,Yael,יעל,shift_manager,both,18:00,03:00
SCH001035,2026-05-27,S04,Tomer,תומר,bartender,outside,18:00,03:00
SCH001036,2026-05-27,S05,Maya,מאיה,bartender,outside,18:00,03:00
SCH001037,2026-05-28,S01,Roei,רועי,shift_manager,both,18:00,03:00
SCH001038,2026-05-28,S04,Tomer,תומר,bartender,outside,18:00,03:00
SCH001039,2026-05-28,S06,Muriel,מוריאל,bartender,inside,18:00,03:00
SCH001040,2026-05-28,S03,Shir,שיר,bartender,inside,18:00,03:00
SCH001041,2026-05-28,S07,Ido,עידו,barback,both,18:00,03:00
SCH001042,2026-05-29,S01,Roei,רועי,shift_manager,both,18:00,03:00
SCH001043,2026-05-29,S04,Tomer,תומר,bartender,outside,18:00,03:00
SCH001044,2026-05-29,S05,Maya,מאיה,bartender,outside,18:00,03:00
SCH001045,2026-05-29,S03,Shir,שיר,bartender,inside,18:00,03:00
SCH001046,2026-05-29,S07,Ido,עידו,barback,both,18:00,03:00
SCH001047,2026-05-30,S01,Roei,רועי,shift_manager,both,18:00,03:00
SCH001048,2026-05-30,S04,Tomer,תומר,bartender,outside,18:00,03:00
SCH001049,2026-05-30,S06,Muriel,מוריאל,bartender,inside,18:00,03:00
SCH001050,2026-05-30,S05,Maya,מאיה,bartender,outside,18:00,03:00
SCH001051,2026-05-30,S07,Ido,עידו,barback,both,18:00,03:00
SCH001052,2026-05-31,S02,Yael,יעל,shift_manager,both,18:00,03:00
SCH001053,2026-05-31,S06,Muriel,מוריאל,bartender,inside,18:00,03:00
SCH001054,2026-05-31,S03,Shir,שיר,bartender,inside,18:00,03:00
SCH001055,2026-06-01,S01,Roei,רועי,shift_manager,both,18:00,03:00
SCH001056,2026-06-01,S06,Muriel,מוריאל,bartender,inside,18:00,03:00
SCH001057,2026-06-01,S05,Maya,מאיה,bartender,outside,18:00,03:00
SCH001058,2026-06-02,S01,Roei,רועי,shift_manager,both,18:00,03:00
SCH001059,2026-06-02,S04,Tomer,תומר,bartender,outside,18:00,03:00
SCH001060,2026-06-02,S05,Maya,מאיה,bartender,outside,18:00,03:00
SCH001061,2026-06-03,S02,Yael,יעל,shift_manager,both,18:00,03:00
SCH001062,2026-06-03,S05,Maya,מאיה,bartender,outside,18:00,03:00
SCH001063,2026-06-03,S04,Tomer,תומר,bartender,outside,18:00,03:00
SCH001064,2026-06-04,S01,Roei,רועי,shift_manager,both,18:00,03:00
SCH001065,2026-06-04,S05,Maya,מאיה,bartender,outside,18:00,03:00
SCH001066,2026-06-04,S04,Tomer,תומר,bartender,outside,18:00,03:00
SCH001067,2026-06-04,S03,Shir,שיר,bartender,inside,18:00,03:00
SCH001068,2026-06-04,S07,Ido,עידו,barback,both,18:00,03:00
SCH001069,2026-06-05,S01,Roei,רועי,shift_manager,both,18:00,03:00
SCH001070,2026-06-05,S04,Tomer,תומר,bartender,outside,18:00,03:00
SCH001071,2026-06-05,S05,Maya,מאיה,bartender,outside,18:00,03:00
SCH001072,2026-06-05,S06,Muriel,מוריאל,bartender,inside,18:00,03:00
SCH001073,2026-06-05,S07,Ido,עידו,barback,both,18:00,03:00
SCH001074,2026-06-06,S02,Yael,יעל,shift_manager,both,18:00,03:00
SCH001075,2026-06-06,S04,Tomer,תומר,bartender,outside,18:00,03:00
SCH001076,2026-06-06,S06,Muriel,מוריאל,bartender,inside,18:00,03:00
SCH001077,2026-06-06,S03,Shir,שיר,bartender,inside,18:00,03:00
SCH001078,2026-06-06,S07,Ido,עידו,barback,both,18:00,03:00
SCH001079,2026-06-07,S01,Roei,רועי,shift_manager,both,18:00,03:00
SCH001080,2026-06-07,S04,Tomer,תומר,bartender,outside,18:00,03:00
SCH001081,2026-06-07,S06,Muriel,מוריאל,bartender,inside,18:00,03:00
SCH001082,2026-06-08,S02,Yael,יעל,shift_manager,both,18:00,03:00
SCH001083,2026-06-08,S04,Tomer,תומר,bartender,outside,18:00,03:00
SCH001084,2026-06-08,S05,Maya,מאיה,bartender,outside,18:00,03:00
SCH001085,2026-06-09,S01,Roei,רועי,shift_manager,both,18:00,03:00
SCH001086,2026-06-09,S04,Tomer,תומר,bartender,outside,18:00,03:00
SCH001087,2026-06-09,S06,Muriel,מוריאל,bartender,inside,18:00,03:00
SCH001088,2026-06-10,S02,Yael,יעל,shift_manager,both,18:00,03:00
SCH001089,2026-06-10,S04,Tomer,תומר,bartender,outside,18:00,03:00
SCH001090,2026-06-10,S03,Shir,שיר,bartender,inside,18:00,03:00
SCH001091,2026-06-11,S01,Roei,רועי,shift_manager,both,18:00,03:00
SCH001092,2026-06-11,S03,Shir,שיר,bartender,inside,18:00,03:00
SCH001093,2026-06-11,S04,Tomer,תומר,bartender,outside,18:00,03:00
SCH001094,2026-06-11,S05,Maya,מאיה,bartender,outside,18:00,03:00
SCH001095,2026-06-11,S07,Ido,עידו,barback,both,18:00,03:00
SCH001096,2026-06-12,S01,Roei,רועי,shift_manager,both,18:00,03:00
SCH001097,2026-06-12,S04,Tomer,תומר,bartender,outside,18:00,03:00
SCH001098,2026-06-12,S06,Muriel,מוריאל,bartender,inside,18:00,03:00
SCH001099,2026-06-12,S05,Maya,מאיה,bartender,outside,18:00,03:00
SCH001100,2026-06-12,S07,Ido,עידו,barback,both,18:00,03:00
SCH001101,2026-06-13,S01,Roei,רועי,shift_manager,both,18:00,03:00
SCH001102,2026-06-13,S04,Tomer,תומר,bartender,outside,18:00,03:00
SCH001103,2026-06-13,S06,Muriel,מוריאל,bartender,inside,18:00,03:00
SCH001104,2026-06-13,S03,Shir,שיר,bartender,inside,18:00,03:00
SCH001105,2026-06-13,S07,Ido,עידו,barback,both,18:00,03:00
SCH001106,2026-06-14,S02,Yael,יעל,shift_manager,both,18:00,03:00
SCH001107,2026-06-14,S06,Muriel,מוריאל,bartender,inside,18:00,03:00
SCH001108,2026-06-14,S03,Shir,שיר,bartender,inside,18:00,03:00
SCH001109,2026-06-15,S01,Roei,רועי,shift_manager,both,18:00,03:00
SCH001110,2026-06-15,S04,Tomer,תומר,bartender,outside,18:00,03:00
SCH001111,2026-06-15,S06,Muriel,מוריאל,bartender,inside,18:00,03:00
SCH001112,2026-06-16,S02,Yael,יעל,shift_manager,both,18:00,03:00
SCH001113,2026-06-16,S04,Tomer,תומר,bartender,outside,18:00,03:00
SCH001114,2026-06-16,S06,Muriel,מוריאל,bartender,inside,18:00,03:00
SCH001115,2026-06-17,S01,Roei,רועי,shift_manager,both,18:00,03:00
SCH001116,2026-06-17,S05,Maya,מאיה,bartender,outside,18:00,03:00
SCH001117,2026-06-17,S03,Shir,שיר,bartender,inside,18:00,03:00
SCH001118,2026-06-18,S01,Roei,רועי,shift_manager,both,18:00,03:00
SCH001119,2026-06-18,S03,Shir,שיר,bartender,inside,18:00,03:00
SCH001120,2026-06-18,S05,Maya,מאיה,bartender,outside,18:00,03:00
SCH001121,2026-06-18,S04,Tomer,תומר,bartender,outside,18:00,03:00
SCH001122,2026-06-18,S07,Ido,עידו,barback,both,18:00,03:00
SCH001123,2026-06-19,S01,Roei,רועי,shift_manager,both,18:00,03:00
SCH001124,2026-06-19,S05,Maya,מאיה,bartender,outside,18:00,03:00
SCH001125,2026-06-19,S03,Shir,שיר,bartender,inside,18:00,03:00
SCH001126,2026-06-19,S06,Muriel,מוריאל,bartender,inside,18:00,03:00
SCH001127,2026-06-19,S07,Ido,עידו,barback,both,18:00,03:00
SCH001128,2026-06-20,S01,Roei,רועי,shift_manager,both,18:00,03:00
SCH001129,2026-06-20,S06,Muriel,מוריאל,bartender,inside,18:00,03:00
SCH001130,2026-06-20,S03,Shir,שיר,bartender,inside,18:00,03:00
SCH001131,2026-06-20,S04,Tomer,תומר,bartender,outside,18:00,03:00
SCH001132,2026-06-20,S07,Ido,עידו,barback,both,18:00,03:00
